timestamp,length,direction,src_ip,dst_ip,relative_time
1760125104.5592792,602,incoming,64.65.63.15,192.168.202.136,0.0
1760125104.6023135,66,outgoing,192.168.202.136,64.65.63.15,0.04303431510925293
1760125104.8522842,602,incoming,185.220.101.106,192.168.202.136,0.29300498962402344
1760125104.8524284,66,outgoing,192.168.202.136,185.220.101.106,0.2931492328643799
1760125108.5278206,602,incoming,64.65.63.15,192.168.202.136,3.968541383743286
1760125108.5280087,66,outgoing,192.168.202.136,64.65.63.15,3.9687294960021973
1760125109.2785146,602,outgoing,192.168.202.136,185.220.101.106,4.719235420227051
1760125109.2973847,66,incoming,185.220.101.106,192.168.202.136,4.738105535507202
1760125111.1313965,602,outgoing,192.168.202.136,185.220.101.106,6.572117328643799
1760125111.1537712,66,incoming,185.220.101.106,192.168.202.136,6.594491958618164
1760125111.6555123,602,outgoing,192.168.202.136,64.65.63.15,7.096233129501343
1760125111.655547,602,outgoing,192.168.202.136,185.220.101.106,7.0962677001953125
1760125111.6789417,602,incoming,185.220.101.106,192.168.202.136,7.119662523269653
1760125111.6789958,66,outgoing,192.168.202.136,185.220.101.106,7.119716644287109
1760125111.702077,66,incoming,185.220.101.106,192.168.202.136,7.1427977085113525
1760125111.7054806,66,incoming,64.65.63.15,192.168.202.136,7.1462013721466064
1760125111.7926946,2144,outgoing,192.168.202.136,185.220.101.106,7.233415365219116
1760125111.8122306,66,incoming,185.220.101.106,192.168.202.136,7.252951383590698
1760125111.8129811,66,incoming,185.220.101.106,192.168.202.136,7.25370192527771
1760125111.9630084,602,incoming,185.220.101.106,192.168.202.136,7.403729200363159
1760125111.96313,66,outgoing,192.168.202.136,185.220.101.106,7.403850793838501
1760125111.9640622,602,outgoing,192.168.202.136,185.220.101.106,7.404783010482788
1760125111.9806209,602,incoming,64.65.63.15,192.168.202.136,7.42134165763855
1760125111.9807506,66,outgoing,192.168.202.136,64.65.63.15,7.421471357345581
1760125111.98195,602,outgoing,192.168.202.136,64.65.63.15,7.422670841217041
1760125111.9911008,66,incoming,185.220.101.106,192.168.202.136,7.431821584701538
1760125112.005383,66,incoming,64.65.63.15,192.168.202.136,7.446103811264038
1760125112.318949,602,incoming,64.65.63.15,192.168.202.136,7.759669780731201
1760125112.3202085,602,outgoing,192.168.202.136,64.65.63.15,7.760929346084595
1760125112.3405619,66,incoming,64.65.63.15,192.168.202.136,7.781282663345337
1760125112.377739,1401,incoming,185.220.101.106,192.168.202.136,7.818459749221802
1760125112.383638,1837,incoming,185.220.101.106,192.168.202.136,7.824358701705933
1760125112.3839412,66,outgoing,192.168.202.136,185.220.101.106,7.82466197013855
1760125112.4118645,1519,incoming,185.220.101.106,192.168.202.136,7.852585315704346
1760125112.4121952,66,outgoing,192.168.202.136,185.220.101.106,7.85291600227356
1760125112.6298752,713,incoming,185.220.101.106,192.168.202.136,8.070595979690552
1760125112.630924,602,outgoing,192.168.202.136,185.220.101.106,8.07164478302002
1760125112.65443,66,incoming,185.220.101.106,192.168.202.136,8.095150709152222
1760125112.654468,602,outgoing,192.168.202.136,185.220.101.106,8.095188856124878
1760125112.6754646,66,incoming,185.220.101.106,192.168.202.136,8.116185426712036
1760125112.799694,602,incoming,64.65.63.15,192.168.202.136,8.24041485786438
1760125112.8005295,602,outgoing,192.168.202.136,64.65.63.15,8.241250276565552
1760125112.8176064,66,incoming,64.65.63.15,192.168.202.136,8.25832724571228
1760125112.9724212,602,incoming,185.220.101.106,192.168.202.136,8.413141965866089
1760125112.9732482,602,outgoing,192.168.202.136,185.220.101.106,8.413969039916992
1760125112.9955292,66,incoming,185.220.101.106,192.168.202.136,8.43624997138977
1760125113.1920452,602,incoming,64.65.63.15,192.168.202.136,8.632766008377075
1760125113.192633,602,outgoing,192.168.202.136,64.65.63.15,8.63335371017456
1760125113.2102902,66,incoming,64.65.63.15,192.168.202.136,8.651010990142822
1760125113.3431656,602,incoming,185.220.101.106,192.168.202.136,8.783886432647705
1760125113.3450406,602,outgoing,192.168.202.136,185.220.101.106,8.78576135635376
1760125113.3666887,66,incoming,185.220.101.106,192.168.202.136,8.807409524917603
1760125113.5963514,602,incoming,185.220.101.106,192.168.202.136,9.03707218170166
1760125113.5969422,602,outgoing,192.168.202.136,185.220.101.106,9.037662982940674
1760125113.620874,66,incoming,185.220.101.106,192.168.202.136,9.061594724655151
1760125118.9949777,602,outgoing,192.168.202.136,185.220.101.106,14.435698509216309
1760125119.0126586,66,incoming,185.220.101.106,192.168.202.136,14.453379392623901
1760125119.3268049,602,incoming,64.65.63.15,192.168.202.136,14.767525672912598
1760125119.3705816,66,outgoing,192.168.202.136,64.65.63.15,14.811302423477173
1760125122.4731085,602,incoming,185.220.101.106,192.168.202.136,17.91382932662964
1760125122.5144825,66,outgoing,192.168.202.136,185.220.101.106,17.95520329475403
1760125122.6641788,602,outgoing,192.168.202.136,64.65.63.15,18.104899644851685
1760125122.685278,66,incoming,64.65.63.15,192.168.202.136,18.125998735427856
1760125122.956761,602,incoming,64.65.63.15,192.168.202.136,18.397481679916382
1760125122.956899,66,outgoing,192.168.202.136,64.65.63.15,18.39761972427368
1760125122.9584155,602,outgoing,192.168.202.136,64.65.63.15,18.399136304855347
1760125122.9819736,66,incoming,64.65.63.15,192.168.202.136,18.422694444656372
1760125123.2846081,602,incoming,64.65.63.15,192.168.202.136,18.72532892227173
1760125123.2861102,602,outgoing,192.168.202.136,64.65.63.15,18.72683095932007
1760125123.3054833,66,incoming,64.65.63.15,192.168.202.136,18.746204137802124
1760125123.6284955,602,incoming,64.65.63.15,192.168.202.136,19.06921625137329
1760125123.6705673,66,outgoing,192.168.202.136,64.65.63.15,19.11128807067871
1760125123.8571458,1116,incoming,185.220.101.106,192.168.202.136,19.297866582870483
1760125123.8573146,66,outgoing,192.168.202.136,185.220.101.106,19.298035383224487
1760125123.8608663,602,outgoing,192.168.202.136,185.220.101.106,19.301587104797363
1760125123.8766663,66,incoming,185.220.101.106,192.168.202.136,19.317387104034424
1760125128.8613472,602,outgoing,192.168.202.136,64.65.63.15,24.30206799507141
1760125128.8860595,66,incoming,64.65.63.15,192.168.202.136,24.326780319213867
1760125130.100694,602,incoming,185.220.101.106,192.168.202.136,25.541414737701416
1760125130.1426816,66,outgoing,192.168.202.136,185.220.101.106,25.583402395248413
1760125133.6932957,602,outgoing,192.168.202.136,185.220.101.106,29.134016513824463
1760125133.7178216,66,incoming,185.220.101.106,192.168.202.136,29.15854239463806
1760125134.0083597,602,incoming,185.220.101.106,192.168.202.136,29.44908046722412
1760125134.008446,66,outgoing,192.168.202.136,185.220.101.106,29.449166774749756
1760125134.0090292,602,outgoing,192.168.202.136,185.220.101.106,29.44974994659424
1760125134.0319846,66,incoming,185.220.101.106,192.168.202.136,29.472705364227295
1760125134.3038774,602,incoming,185.220.101.106,192.168.202.136,29.744598150253296
1760125134.3053093,602,outgoing,192.168.202.136,185.220.101.106,29.74603009223938
1760125134.3270407,66,incoming,185.220.101.106,192.168.202.136,29.76776146888733
1760125134.625537,602,incoming,185.220.101.106,192.168.202.136,30.06625771522522
1760125134.6666832,66,outgoing,192.168.202.136,185.220.101.106,30.107403993606567
1760125135.5273826,602,outgoing,192.168.202.136,64.65.63.15,30.968103408813477
1760125135.5526214,66,incoming,64.65.63.15,192.168.202.136,30.99334216117859
1760125136.6045358,602,incoming,45.11.59.28,192.168.202.136,32.04525661468506
1760125136.6047587,66,outgoing,192.168.202.136,45.11.59.28,32.04547953605652
1760125138.9305592,602,outgoing,192.168.202.136,64.65.63.15,34.37127995491028
1760125138.9518673,66,incoming,64.65.63.15,192.168.202.136,34.39258813858032
1760125141.9117367,602,incoming,185.220.101.106,192.168.202.136,37.35245752334595
1760125141.91189,66,outgoing,192.168.202.136,185.220.101.106,37.35261082649231
1760125144.7166626,602,outgoing,192.168.202.136,64.65.63.15,40.15738344192505
1760125144.7386773,66,incoming,64.65.63.15,192.168.202.136,40.17939805984497
1760125145.004097,602,incoming,64.65.63.15,192.168.202.136,40.444817781448364
1760125145.0042906,66,outgoing,192.168.202.136,64.65.63.15,40.445011377334595
1760125145.0055215,602,outgoing,192.168.202.136,64.65.63.15,40.446242332458496
1760125145.022626,66,incoming,64.65.63.15,192.168.202.136,40.46334671974182
1760125145.3513288,602,incoming,64.65.63.15,192.168.202.136,40.79204964637756
1760125145.352654,602,outgoing,192.168.202.136,64.65.63.15,40.79337477684021
1760125145.3752182,66,incoming,64.65.63.15,192.168.202.136,40.81593894958496
1760125145.7694087,602,incoming,64.65.63.15,192.168.202.136,41.210129499435425
1760125145.810461,66,outgoing,192.168.202.136,64.65.63.15,41.251181840896606
1760125148.7434971,602,outgoing,192.168.202.136,185.220.101.106,44.18421792984009
1760125148.7691858,66,incoming,185.220.101.106,192.168.202.136,44.209906578063965
1760125153.2026305,602,outgoing,192.168.202.136,64.65.63.15,48.643351316452026
1760125153.226483,66,incoming,64.65.63.15,192.168.202.136,48.66720390319824
1760125156.4707701,602,incoming,185.220.101.106,192.168.202.136,51.91149091720581
1760125156.470926,66,outgoing,192.168.202.136,185.220.101.106,51.91164684295654
1760125159.2229445,602,outgoing,192.168.202.136,64.65.63.15,54.66366529464722
1760125159.2426326,66,incoming,64.65.63.15,192.168.202.136,54.683353424072266
1760125159.9529634,602,incoming,185.220.101.106,192.168.202.136,55.39368414878845
1760125159.9531348,66,outgoing,192.168.202.136,185.220.101.106,55.393855571746826
1760125165.1594334,602,incoming,64.65.63.15,192.168.202.136,60.60015416145325
1760125165.1596172,66,outgoing,192.168.202.136,64.65.63.15,60.600337982177734
1760125167.066794,602,outgoing,192.168.202.136,185.220.101.106,62.5075147151947
1760125167.0866973,66,incoming,185.220.101.106,192.168.202.136,62.52741813659668
1760125167.1462736,602,incoming,185.220.101.106,192.168.202.136,62.58699440956116
1760125167.1464226,66,outgoing,192.168.202.136,185.220.101.106,62.587143421173096
1760125169.089769,602,outgoing,192.168.202.136,64.65.63.15,64.53048968315125
1760125169.1063926,66,incoming,64.65.63.15,192.168.202.136,64.5471134185791
1760125169.1685524,602,incoming,64.65.63.15,192.168.202.136,64.60927319526672
1760125169.1687121,66,outgoing,192.168.202.136,64.65.63.15,64.60943293571472
1760125171.9042923,602,outgoing,192.168.202.136,64.65.63.15,67.34501314163208
1760125171.9209917,66,incoming,64.65.63.15,192.168.202.136,67.36171245574951
1760125172.4050424,602,incoming,64.65.63.15,192.168.202.136,67.84576320648193
1760125172.4051108,66,outgoing,192.168.202.136,64.65.63.15,67.84583163261414
1760125172.4614592,2144,outgoing,192.168.202.136,64.65.63.15,67.90217995643616
1760125172.4821095,66,incoming,64.65.63.15,192.168.202.136,67.92283034324646
1760125172.48211,66,incoming,64.65.63.15,192.168.202.136,67.92283082008362
1760125172.6601157,602,outgoing,192.168.202.136,185.220.101.106,68.10083651542664
1760125172.6759825,66,incoming,185.220.101.106,192.168.202.136,68.11670327186584
1760125172.8166106,602,outgoing,192.168.202.136,64.65.63.15,68.25733137130737
1760125172.816644,602,outgoing,192.168.202.136,185.220.101.106,68.25736474990845
1760125172.8338544,66,incoming,64.65.63.15,192.168.202.136,68.27457523345947
1760125172.8453581,66,incoming,185.220.101.106,192.168.202.136,68.28607892990112
1760125173.1887603,602,incoming,185.220.101.106,192.168.202.136,68.62948107719421
1760125173.1888595,66,outgoing,192.168.202.136,185.220.101.106,68.62958025932312
1760125173.189687,602,outgoing,192.168.202.136,185.220.101.106,68.63040781021118
1760125173.2077067,66,incoming,185.220.101.106,192.168.202.136,68.64842748641968
1760125173.2225704,2736,incoming,64.65.63.15,192.168.202.136,68.6632912158966
1760125173.2227147,66,outgoing,192.168.202.136,64.65.63.15,68.66343545913696
1760125173.222725,1016,incoming,64.65.63.15,192.168.202.136,68.66344571113586
1760125173.2227304,66,outgoing,192.168.202.136,64.65.63.15,68.66345119476318
1760125173.2835186,1514,incoming,64.65.63.15,192.168.202.136,68.72423934936523
1760125173.283669,66,outgoing,192.168.202.136,64.65.63.15,68.72438979148865
1760125173.284892,602,outgoing,192.168.202.136,64.65.63.15,68.72561287879944
1760125173.3019152,66,incoming,64.65.63.15,192.168.202.136,68.74263596534729
1760125173.480989,602,incoming,185.220.101.106,192.168.202.136,68.92170977592468
1760125173.4819193,204,incoming,64.65.63.15,192.168.202.136,68.92264008522034
1760125173.4826965,602,outgoing,192.168.202.136,185.220.101.106,68.92341732978821
1760125173.486013,602,outgoing,192.168.202.136,64.65.63.15,68.92673373222351
1760125173.5019028,66,incoming,185.220.101.106,192.168.202.136,68.94262361526489
1760125173.5044425,66,incoming,64.65.63.15,192.168.202.136,68.94516324996948
1760125173.783258,602,incoming,64.65.63.15,192.168.202.136,69.22397875785828
1760125173.7847848,602,outgoing,192.168.202.136,64.65.63.15,69.22550559043884
1760125173.803307,66,incoming,64.65.63.15,192.168.202.136,69.24402785301208
1760125173.8243654,602,incoming,185.220.101.106,192.168.202.136,69.26508617401123
1760125173.8253403,602,outgoing,192.168.202.136,185.220.101.106,69.26606106758118
1760125173.8447382,66,incoming,185.220.101.106,192.168.202.136,69.28545904159546
1760125174.0886762,602,incoming,64.65.63.15,192.168.202.136,69.52939701080322
1760125174.0906384,602,outgoing,192.168.202.136,64.65.63.15,69.53135919570923
1760125174.1121407,66,incoming,64.65.63.15,192.168.202.136,69.55286145210266
1760125174.174716,602,incoming,185.220.101.106,192.168.202.136,69.61543679237366
1760125174.1752336,602,outgoing,192.168.202.136,185.220.101.106,69.61595439910889
1760125174.198047,66,incoming,185.220.101.106,192.168.202.136,69.6387677192688
1760125174.3488288,602,incoming,64.65.63.15,192.168.202.136,69.7895495891571
1760125174.3497295,602,outgoing,192.168.202.136,64.65.63.15,69.79045033454895
1760125174.370913,66,incoming,64.65.63.15,192.168.202.136,69.81163382530212
1760125174.9010477,602,incoming,64.65.63.15,192.168.202.136,70.34176850318909
1760125174.9017303,602,outgoing,192.168.202.136,64.65.63.15,70.34245109558105
1760125174.9273736,66,incoming,64.65.63.15,192.168.202.136,70.3680944442749
1760125175.1866248,1116,incoming,64.65.63.15,192.168.202.136,70.6273455619812
1760125175.1905186,602,outgoing,192.168.202.136,64.65.63.15,70.63123941421509
1760125175.209124,66,incoming,64.65.63.15,192.168.202.136,70.64984488487244
1760125179.6991231,602,outgoing,192.168.202.136,64.65.63.15,75.13984394073486
1760125179.72262,66,incoming,64.65.63.15,192.168.202.136,75.16334080696106
1760125181.8759475,602,incoming,185.220.101.106,192.168.202.136,77.31666827201843
1760125181.9184172,66,outgoing,192.168.202.136,185.220.101.106,77.35913801193237
1760125184.018984,602,outgoing,192.168.202.136,64.65.63.15,79.45970487594604
1760125184.0428946,66,incoming,64.65.63.15,192.168.202.136,79.48361539840698
1760125188.3035426,602,outgoing,192.168.202.136,64.65.63.15,83.74426341056824
1760125188.328187,66,incoming,64.65.63.15,192.168.202.136,83.76890778541565
1760125190.761501,602,incoming,185.220.101.106,192.168.202.136,86.20222187042236
1760125190.761634,66,outgoing,192.168.202.136,185.220.101.106,86.2023549079895
1760125194.158505,602,outgoing,192.168.202.136,185.220.101.106,89.59922575950623
1760125194.178653,66,incoming,185.220.101.106,192.168.202.136,89.61937379837036
1760125196.7900865,602,incoming,64.65.63.15,192.168.202.136,92.23080730438232
1760125196.830396,66,outgoing,192.168.202.136,64.65.63.15,92.27111673355103
1760125197.0657473,602,outgoing,192.168.202.136,185.220.101.106,92.50646805763245
1760125197.0836546,66,incoming,185.220.101.106,192.168.202.136,92.52437543869019
1760125199.535123,602,outgoing,192.168.202.136,64.65.63.15,94.97584390640259
1760125199.5589378,66,incoming,64.65.63.15,192.168.202.136,94.99965858459473
1760125205.3400836,602,incoming,185.220.101.106,192.168.202.136,100.78080439567566
1760125205.34023,66,outgoing,192.168.202.136,185.220.101.106,100.78095078468323
1760125205.943808,602,outgoing,192.168.202.136,64.65.63.15,101.38452887535095
1760125205.9667962,66,incoming,64.65.63.15,192.168.202.136,101.40751695632935
1760125210.326591,602,incoming,64.65.63.15,192.168.202.136,105.76731181144714
1760125210.3267324,66,outgoing,192.168.202.136,64.65.63.15,105.76745319366455
1760125212.1347566,602,outgoing,192.168.202.136,185.220.101.106,107.57547736167908
1760125212.1562874,66,incoming,185.220.101.106,192.168.202.136,107.597008228302
1760125213.6135397,602,incoming,64.65.63.15,192.168.202.136,109.05426049232483
1760125213.6136992,66,outgoing,192.168.202.136,64.65.63.15,109.05441999435425
1760125219.1446471,602,incoming,185.220.101.106,192.168.202.136,114.58536791801453
1760125219.144812,66,outgoing,192.168.202.136,185.220.101.106,114.58553290367126
1760125220.767734,602,outgoing,192.168.202.136,64.65.63.15,116.20845484733582
1760125220.789726,66,incoming,64.65.63.15,192.168.202.136,116.23044681549072
1760125224.3659883,602,outgoing,192.168.202.136,185.220.101.106,119.8067090511322
1760125224.3951974,66,incoming,185.220.101.106,192.168.202.136,119.83591818809509
1760125224.4284341,602,incoming,64.65.63.15,192.168.202.136,119.86915493011475
1760125224.4285614,66,outgoing,192.168.202.136,64.65.63.15,119.86928224563599
1760125227.7495675,602,incoming,64.65.63.15,192.168.202.136,123.19028830528259
1760125227.7497182,66,outgoing,192.168.202.136,64.65.63.15,123.19043898582458
1760125232.3064494,602,outgoing,192.168.202.136,185.220.101.106,127.74717020988464
1760125232.326891,66,incoming,185.220.101.106,192.168.202.136,127.76761174201965
1760125232.9351459,602,incoming,64.65.63.15,192.168.202.136,128.37586665153503
1760125232.9352856,66,outgoing,192.168.202.136,64.65.63.15,128.3760063648224
1760125235.2565384,602,outgoing,192.168.202.136,64.65.63.15,130.69725918769836
1760125235.2745948,66,incoming,64.65.63.15,192.168.202.136,130.71531558036804
1760125235.7508147,602,incoming,64.65.63.15,192.168.202.136,131.19153547286987
1760125235.7509665,66,outgoing,192.168.202.136,64.65.63.15,131.19168734550476
1760125235.8560934,2144,outgoing,192.168.202.136,64.65.63.15,131.29681420326233
1760125235.8746092,66,incoming,64.65.63.15,192.168.202.136,131.31533002853394
1760125235.8752317,66,incoming,64.65.63.15,192.168.202.136,131.31595253944397
1760125236.634204,3686,incoming,64.65.63.15,192.168.202.136,132.07492470741272
1760125236.634355,66,outgoing,192.168.202.136,64.65.63.15,132.07507586479187
1760125236.8644447,602,incoming,185.220.101.106,192.168.202.136,132.3051655292511
1760125236.8646445,66,outgoing,192.168.202.136,185.220.101.106,132.30536532402039
1760125236.8928938,1116,incoming,64.65.63.15,192.168.202.136,132.3336145877838
1760125236.893047,66,outgoing,192.168.202.136,64.65.63.15,132.33376789093018
1760125236.896628,602,outgoing,192.168.202.136,64.65.63.15,132.3373486995697
1760125236.9217556,66,incoming,64.65.63.15,192.168.202.136,132.36247634887695
1760125237.4106014,602,incoming,64.65.63.15,192.168.202.136,132.85132217407227
1760125237.4116154,602,outgoing,192.168.202.136,64.65.63.15,132.85233616828918
1760125237.4368114,66,incoming,64.65.63.15,192.168.202.136,132.87753224372864
1760125239.3590505,1116,incoming,64.65.63.15,192.168.202.136,134.79977130889893
1760125239.3637366,602,outgoing,192.168.202.136,64.65.63.15,134.80445742607117
1760125239.3863046,66,incoming,64.65.63.15,192.168.202.136,134.82702541351318
1760125242.6016123,602,incoming,185.220.101.106,192.168.202.136,138.04233312606812
1760125242.601762,66,outgoing,192.168.202.136,185.220.101.106,138.0424828529358
1760125245.2369456,602,incoming,64.65.63.15,192.168.202.136,140.67766642570496
1760125245.2783952,66,outgoing,192.168.202.136,64.65.63.15,140.71911597251892
1760125246.9306185,602,outgoing,192.168.202.136,185.220.101.106,142.37133932113647
1760125246.9494865,66,incoming,185.220.101.106,192.168.202.136,142.3902072906494
1760125249.9721835,602,outgoing,192.168.202.136,64.65.63.15,145.41290426254272
1760125249.9938676,66,incoming,64.65.63.15,192.168.202.136,145.434588432312
1760125255.1442506,602,incoming,64.65.63.15,192.168.202.136,150.58497142791748
1760125255.1444006,66,outgoing,192.168.202.136,64.65.63.15,150.58512139320374
1760125255.2574823,602,outgoing,192.168.202.136,185.220.101.106,150.69820308685303
1760125255.2642155,602,incoming,185.220.101.106,192.168.202.136,150.70493626594543
1760125255.264258,66,outgoing,192.168.202.136,185.220.101.106,150.70497870445251
1760125255.2765648,66,incoming,185.220.101.106,192.168.202.136,150.71728563308716
1760125258.5961392,602,outgoing,192.168.202.136,185.220.101.106,154.03685998916626
1760125258.618974,66,incoming,185.220.101.106,192.168.202.136,154.0596947669983
1760125262.1775482,602,incoming,185.220.101.106,192.168.202.136,157.6182689666748
1760125262.1777322,66,outgoing,192.168.202.136,185.220.101.106,157.61845302581787
1760125262.730842,602,outgoing,192.168.202.136,64.65.63.15,158.17156291007996
1760125262.7552617,66,incoming,64.65.63.15,192.168.202.136,158.19598245620728
1760125268.6694098,602,incoming,185.220.101.106,192.168.202.136,164.11013054847717
1760125268.6695843,66,outgoing,192.168.202.136,185.220.101.106,164.11030507087708
1760125269.1991894,602,outgoing,192.168.202.136,64.65.63.15,164.63991022109985
1760125269.2256591,66,incoming,64.65.63.15,192.168.202.136,164.66637992858887
1760125274.4344532,602,outgoing,192.168.202.136,64.65.63.15,169.87517404556274
1760125274.4564233,66,incoming,64.65.63.15,192.168.202.136,169.89714407920837
1760125274.6120782,602,incoming,185.220.101.106,192.168.202.136,170.05279898643494
1760125274.6122146,66,outgoing,192.168.202.136,185.220.101.106,170.05293536186218
1760125279.751382,602,outgoing,192.168.202.136,185.220.101.106,175.19210290908813
1760125279.7682626,66,incoming,185.220.101.106,192.168.202.136,175.20898342132568
1760125280.2235322,602,outgoing,192.168.202.136,64.65.63.15,175.6642529964447
1760125280.242385,66,incoming,64.65.63.15,192.168.202.136,175.68310570716858
1760125282.2586122,602,outgoing,192.168.202.136,185.220.101.106,177.6993329524994
1760125282.2764294,66,incoming,185.220.101.106,192.168.202.136,177.71715021133423
1760125284.9161167,602,incoming,64.65.63.15,192.168.202.136,180.35683751106262
1760125284.91625,66,outgoing,192.168.202.136,64.65.63.15,180.35697078704834
1760125285.133402,2746,outgoing,192.168.202.136,64.65.63.15,180.5741229057312
1760125285.1334152,1456,outgoing,192.168.202.136,64.65.63.15,180.57413601875305
1760125285.1334345,2658,outgoing,192.168.202.136,185.220.101.106,180.57415533065796
1760125285.133866,1406,outgoing,192.168.202.136,64.65.63.15,180.57458686828613
1760125285.1549568,66,incoming,64.65.63.15,192.168.202.136,180.59567761421204
1760125285.1557097,66,incoming,64.65.63.15,192.168.202.136,180.59643054008484
1760125285.156906,66,incoming,64.65.63.15,192.168.202.136,180.5976266860962
1760125285.157039,66,incoming,185.220.101.106,192.168.202.136,180.59775972366333
1760125285.1570392,66,incoming,185.220.101.106,192.168.202.136,180.5977599620819
1760125285.1585133,66,incoming,64.65.63.15,192.168.202.136,180.5992341041565
1760125285.1585135,66,incoming,64.65.63.15,192.168.202.136,180.59923434257507
1760125285.1585453,354,outgoing,192.168.202.136,64.65.63.15,180.5992660522461
1760125285.178624,66,incoming,64.65.63.15,192.168.202.136,180.6193447113037
1760125285.4275355,1630,incoming,64.65.63.15,192.168.202.136,180.8682563304901
1760125285.4276967,66,outgoing,192.168.202.136,64.65.63.15,180.86841750144958
1760125285.4302268,1630,outgoing,192.168.202.136,64.65.63.15,180.870947599411
1760125285.4491086,66,incoming,64.65.63.15,192.168.202.136,180.88982939720154
1760125285.449109,66,incoming,64.65.63.15,192.168.202.136,180.8898298740387
1760125285.6632934,1116,incoming,185.220.101.106,192.168.202.136,181.1040141582489
1760125285.663423,66,outgoing,192.168.202.136,185.220.101.106,181.10414385795593
1760125285.6645272,1116,outgoing,192.168.202.136,185.220.101.106,181.10524797439575
1760125285.683356,66,incoming,185.220.101.106,192.168.202.136,181.12407684326172
1760125285.9637663,602,incoming,64.65.63.15,192.168.202.136,181.40448713302612
1760125285.9650867,602,outgoing,192.168.202.136,64.65.63.15,181.4058074951172
1760125285.9755576,602,incoming,185.220.101.106,192.168.202.136,181.41627836227417
1760125285.9770381,602,outgoing,192.168.202.136,185.220.101.106,181.4177589416504
1760125285.98401,66,incoming,64.65.63.15,192.168.202.136,181.42473077774048
1760125285.9936724,66,incoming,185.220.101.106,192.168.202.136,181.43439316749573
1760125286.081283,602,outgoing,192.168.202.136,64.65.63.15,181.52200388908386
1760125286.1036098,66,incoming,64.65.63.15,192.168.202.136,181.54433059692383
1760125286.2439315,602,incoming,64.65.63.15,192.168.202.136,181.6846523284912
1760125286.2453852,602,outgoing,192.168.202.136,64.65.63.15,181.686105966568
1760125286.2458167,602,incoming,185.220.101.106,192.168.202.136,181.68653750419617
1760125286.247309,602,outgoing,192.168.202.136,185.220.101.106,181.68802976608276
1760125286.2738647,66,incoming,64.65.63.15,192.168.202.136,181.71458554267883
1760125286.2738862,66,incoming,185.220.101.106,192.168.202.136,181.71460700035095
1760125286.5031471,602,incoming,64.65.63.15,192.168.202.136,181.94386792182922
1760125286.5263736,602,incoming,185.220.101.106,192.168.202.136,181.96709442138672
1760125286.5273266,602,outgoing,192.168.202.136,185.220.101.106,181.9680473804474
1760125286.5451932,66,incoming,185.220.101.106,192.168.202.136,181.9859139919281
1760125286.5464017,66,outgoing,192.168.202.136,64.65.63.15,181.98712253570557
1760125286.7623446,602,incoming,64.65.63.15,192.168.202.136,182.20306539535522
1760125286.7624063,66,outgoing,192.168.202.136,64.65.63.15,182.2031271457672
1760125286.763209,602,outgoing,192.168.202.136,64.65.63.15,182.20392990112305
1760125286.78316,66,incoming,64.65.63.15,192.168.202.136,182.22388076782227
1760125286.7966127,602,incoming,185.220.101.106,192.168.202.136,182.23733353614807
1760125286.7974682,602,outgoing,192.168.202.136,185.220.101.106,182.2381889820099
1760125286.8187044,66,incoming,185.220.101.106,192.168.202.136,182.25942516326904
1760125287.043182,602,incoming,64.65.63.15,192.168.202.136,182.4839026927948
1760125287.044062,602,outgoing,192.168.202.136,64.65.63.15,182.48478269577026
1760125287.0636768,66,incoming,64.65.63.15,192.168.202.136,182.50439763069153
1760125287.0720072,602,incoming,185.220.101.106,192.168.202.136,182.51272797584534
1760125287.0875819,602,outgoing,192.168.202.136,185.220.101.106,182.52830266952515
1760125287.1586564,66,incoming,185.220.101.106,192.168.202.136,182.59937715530396
1760125287.1587152,602,outgoing,192.168.202.136,185.220.101.106,182.599436044693
1760125287.183562,66,incoming,185.220.101.106,192.168.202.136,182.62428283691406
1760125287.3285477,602,incoming,64.65.63.15,192.168.202.136,182.76926851272583
1760125287.3292377,602,outgoing,192.168.202.136,64.65.63.15,182.76995849609375
1760125287.3475046,66,incoming,64.65.63.15,192.168.202.136,182.78822541236877
1760125287.367763,602,incoming,185.220.101.106,192.168.202.136,182.80848383903503
1760125287.3684897,602,outgoing,192.168.202.136,185.220.101.106,182.80921053886414
1760125287.3912094,66,incoming,185.220.101.106,192.168.202.136,182.83193016052246
1760125287.6074598,602,incoming,64.65.63.15,192.168.202.136,183.04818058013916
1760125287.607885,602,outgoing,192.168.202.136,64.65.63.15,183.0486056804657
1760125287.6211214,602,incoming,185.220.101.106,192.168.202.136,183.06184220314026
1760125287.6225462,602,outgoing,192.168.202.136,185.220.101.106,183.06326699256897
1760125287.625237,66,incoming,64.65.63.15,192.168.202.136,183.0659577846527
1760125287.6380074,66,incoming,185.220.101.106,192.168.202.136,183.07872819900513
1760125287.9276369,602,incoming,64.65.63.15,192.168.202.136,183.36835765838623
1760125287.9705133,66,outgoing,192.168.202.136,64.65.63.15,183.41123414039612
1760125287.9818494,602,incoming,185.220.101.106,192.168.202.136,183.42257022857666
1760125287.983185,602,outgoing,192.168.202.136,185.220.101.106,183.4239058494568
1760125288.0086837,66,incoming,185.220.101.106,192.168.202.136,183.44940447807312
1760125288.3736212,602,incoming,185.220.101.106,192.168.202.136,183.81434202194214
1760125288.4145474,66,outgoing,192.168.202.136,185.220.101.106,183.85526823997498
1760125294.6213033,602,outgoing,192.168.202.136,64.65.63.15,190.0620241165161
1760125294.6482635,66,incoming,64.65.63.15,192.168.202.136,190.08898425102234
1760125294.6602418,602,incoming,64.65.63.15,192.168.202.136,190.10096263885498
1760125294.660367,66,outgoing,192.168.202.136,64.65.63.15,190.101087808609
1760125295.6622415,602,incoming,185.220.101.106,192.168.202.136,191.1029622554779
1760125295.6623714,66,outgoing,192.168.202.136,185.220.101.106,191.10309219360352
1760125298.1177764,602,outgoing,192.168.202.136,185.220.101.106,193.55849719047546
1760125298.136979,66,incoming,185.220.101.106,192.168.202.136,193.57769989967346
1760125298.3951776,602,incoming,185.220.101.106,192.168.202.136,193.83589839935303
1760125298.395356,66,outgoing,192.168.202.136,185.220.101.106,193.8360767364502
1760125298.3964891,602,outgoing,192.168.202.136,185.220.101.106,193.83720993995667
1760125298.4166706,66,incoming,185.220.101.106,192.168.202.136,193.85739135742188
1760125298.7021537,602,incoming,185.220.101.106,192.168.202.136,194.14287447929382
1760125298.7032611,602,outgoing,192.168.202.136,185.220.101.106,194.14398193359375
1760125298.7259705,66,incoming,185.220.101.106,192.168.202.136,194.16669130325317
1760125299.028471,602,incoming,185.220.101.106,192.168.202.136,194.46919178962708
1760125299.0704896,66,outgoing,192.168.202.136,185.220.101.106,194.51121044158936
1760125299.4094539,602,outgoing,192.168.202.136,64.65.63.15,194.85017466545105
1760125299.4755287,66,incoming,64.65.63.15,192.168.202.136,194.9162495136261
1760125299.913717,602,incoming,64.65.63.15,192.168.202.136,195.35443782806396
1760125299.9138591,66,outgoing,192.168.202.136,64.65.63.15,195.3545799255371
1760125300.0098078,2144,outgoing,192.168.202.136,64.65.63.15,195.45052862167358
1760125300.034017,66,incoming,64.65.63.15,192.168.202.136,195.47473788261414
1760125300.0351717,66,incoming,64.65.63.15,192.168.202.136,195.47589254379272
1760125300.7983725,3686,incoming,64.65.63.15,192.168.202.136,196.23909330368042
1760125300.79856,66,outgoing,192.168.202.136,64.65.63.15,196.2392807006836
1760125300.7990365,602,outgoing,192.168.202.136,64.65.63.15,196.23975729942322
1760125300.8236008,66,incoming,64.65.63.15,192.168.202.136,196.26432156562805
1760125301.0569983,1116,incoming,64.65.63.15,192.168.202.136,196.49771904945374
1760125301.06077,602,outgoing,192.168.202.136,64.65.63.15,196.50149083137512
1760125301.0823696,66,incoming,64.65.63.15,192.168.202.136,196.52309036254883
1760125301.5653296,602,incoming,64.65.63.15,192.168.202.136,197.00605034828186
1760125301.567283,602,outgoing,192.168.202.136,64.65.63.15,197.00800371170044
1760125301.5868623,66,incoming,64.65.63.15,192.168.202.136,197.02758312225342
1760125302.2086391,1116,incoming,64.65.63.15,192.168.202.136,197.64935994148254
1760125302.212174,602,outgoing,192.168.202.136,64.65.63.15,197.6528947353363
1760125302.2365458,66,incoming,64.65.63.15,192.168.202.136,197.6772665977478
1760125306.0115457,602,outgoing,192.168.202.136,64.65.63.15,201.45226645469666
1760125306.031557,66,incoming,64.65.63.15,192.168.202.136,201.47227787971497
1760125306.7878134,602,incoming,185.220.101.106,192.168.202.136,202.22853422164917
1760125306.7879877,66,outgoing,192.168.202.136,185.220.101.106,202.2287085056305
1760125309.1601079,602,outgoing,192.168.202.136,64.65.63.15,204.60082864761353
1760125309.1845422,66,incoming,64.65.63.15,192.168.202.136,204.62526297569275
1760125309.430686,602,outgoing,192.168.202.136,185.220.101.106,204.87140679359436
1760125309.4439273,602,incoming,64.65.63.15,192.168.202.136,204.8846480846405
1760125309.4455514,602,outgoing,192.168.202.136,64.65.63.15,204.88627219200134
1760125309.4469326,66,incoming,185.220.101.106,192.168.202.136,204.88765335083008
1760125309.4635746,66,incoming,64.65.63.15,192.168.202.136,204.90429544448853
1760125309.7343342,602,incoming,64.65.63.15,192.168.202.136,205.17505502700806
1760125309.7358549,602,outgoing,192.168.202.136,64.65.63.15,205.17657566070557
1760125309.7573216,66,incoming,64.65.63.15,192.168.202.136,205.1980423927307
1760125316.14489,602,outgoing,192.168.202.136,185.220.101.106,211.58561086654663
1760125316.144926,602,outgoing,192.168.202.136,64.65.63.15,211.58564686775208
1760125316.1673172,66,incoming,185.220.101.106,192.168.202.136,211.6080379486084
1760125316.1673212,66,incoming,64.65.63.15,192.168.202.136,211.60804200172424
1760125318.6875255,602,outgoing,192.168.202.136,185.220.101.106,214.12824630737305
1760125318.712359,66,incoming,185.220.101.106,192.168.202.136,214.1530797481537
1760125320.1886697,602,outgoing,192.168.202.136,64.65.63.15,215.62939047813416
1760125320.2066364,66,incoming,64.65.63.15,192.168.202.136,215.6473572254181
1760125320.471194,602,incoming,64.65.63.15,192.168.202.136,215.91191482543945
1760125320.4725494,602,outgoing,192.168.202.136,64.65.63.15,215.91327023506165
1760125320.4924948,66,incoming,64.65.63.15,192.168.202.136,215.93321561813354
1760125320.804876,602,incoming,64.65.63.15,192.168.202.136,216.24559688568115
1760125320.8064442,602,outgoing,192.168.202.136,64.65.63.15,216.2471649646759
1760125320.8235087,66,incoming,64.65.63.15,192.168.202.136,216.26422953605652
1760125321.167453,602,incoming,64.65.63.15,192.168.202.136,216.6081738471985
1760125321.2106738,66,outgoing,192.168.202.136,64.65.63.15,216.6513946056366
1760125322.021237,602,incoming,185.220.101.106,192.168.202.136,217.46195769309998
1760125322.021458,66,outgoing,192.168.202.136,185.220.101.106,217.4621787071228
1760125322.7087529,602,incoming,64.65.63.15,192.168.202.136,218.14947366714478
1760125322.70889,66,outgoing,192.168.202.136,64.65.63.15,218.14961075782776
1760125322.7103503,602,outgoing,192.168.202.136,64.65.63.15,218.15107107162476
1760125322.7271123,66,incoming,64.65.63.15,192.168.202.136,218.1678330898285
1760125323.0674646,602,incoming,64.65.63.15,192.168.202.136,218.50818538665771
1760125323.0684252,602,outgoing,192.168.202.136,64.65.63.15,218.50914597511292
1760125323.0886521,66,incoming,64.65.63.15,192.168.202.136,218.52937293052673
1760125323.419173,602,incoming,64.65.63.15,192.168.202.136,218.85989379882812
1760125323.4198008,602,outgoing,192.168.202.136,64.65.63.15,218.8605215549469
1760125323.4394214,66,incoming,64.65.63.15,192.168.202.136,218.88014221191406
1760125328.4042242,602,incoming,64.65.63.15,192.168.202.136,223.84494495391846
1760125328.4465275,66,outgoing,192.168.202.136,64.65.63.15,223.88724827766418
1760125328.4781444,602,incoming,185.220.101.106,192.168.202.136,223.91886520385742
1760125328.478354,66,outgoing,192.168.202.136,185.220.101.106,223.91907477378845
1760125331.2126298,602,outgoing,192.168.202.136,64.65.63.15,226.65335059165955
1760125331.2334366,66,incoming,64.65.63.15,192.168.202.136,226.67415738105774
1760125331.49943,602,incoming,64.65.63.15,192.168.202.136,226.94015073776245
1760125331.499594,66,outgoing,192.168.202.136,64.65.63.15,226.94031476974487
1760125331.5007038,602,outgoing,192.168.202.136,64.65.63.15,226.9414246082306
1760125331.5224128,66,incoming,64.65.63.15,192.168.202.136,226.9631335735321
1760125331.7967246,602,incoming,64.65.63.15,192.168.202.136,227.23744535446167
1760125331.798391,602,outgoing,192.168.202.136,64.65.63.15,227.2391119003296
1760125331.8195949,66,incoming,64.65.63.15,192.168.202.136,227.260315656662
1760125332.1115527,602,incoming,64.65.63.15,192.168.202.136,227.5522735118866
1760125332.15436,66,outgoing,192.168.202.136,64.65.63.15,227.59508085250854
1760125335.202713,602,outgoing,192.168.202.136,185.220.101.106,230.6434338092804
1760125335.2252095,66,incoming,185.220.101.106,192.168.202.136,230.66593027114868
1760125337.4436724,602,outgoing,192.168.202.136,64.65.63.15,232.88439321517944
1760125337.4608722,66,incoming,64.65.63.15,192.168.202.136,232.9015929698944
1760125342.2380702,602,outgoing,192.168.202.136,64.65.63.15,237.67879104614258
1760125342.2569985,66,incoming,64.65.63.15,192.168.202.136,237.69771933555603
1760125342.5204563,602,incoming,64.65.63.15,192.168.202.136,237.961177110672
1760125342.520578,66,outgoing,192.168.202.136,64.65.63.15,237.96129870414734
1760125342.521793,602,outgoing,192.168.202.136,64.65.63.15,237.96251368522644
1760125342.5429542,66,incoming,64.65.63.15,192.168.202.136,237.98367500305176
1760125342.8514204,602,incoming,64.65.63.15,192.168.202.136,238.29214119911194
1760125342.8528798,602,outgoing,192.168.202.136,64.65.63.15,238.29360055923462
1760125342.878655,66,incoming,64.65.63.15,192.168.202.136,238.3193757534027
1760125343.1896467,602,incoming,64.65.63.15,192.168.202.136,238.6303675174713
1760125343.230513,66,outgoing,192.168.202.136,64.65.63.15,238.6712338924408
1760125343.9420772,602,incoming,185.220.101.106,192.168.202.136,239.38279795646667
1760125343.9424245,66,outgoing,192.168.202.136,185.220.101.106,239.38314533233643
1760125346.0058439,602,incoming,64.65.63.15,192.168.202.136,241.44656467437744
1760125346.0060122,66,outgoing,192.168.202.136,64.65.63.15,241.4467329978943
1760125347.2207787,602,outgoing,192.168.202.136,64.65.63.15,242.66149950027466
1760125347.2366834,66,incoming,64.65.63.15,192.168.202.136,242.67740416526794
1760125350.7115548,66,incoming,45.11.59.28,192.168.202.136,246.15227556228638
1760125350.7120898,90,outgoing,192.168.202.136,45.11.59.28,246.15281057357788
1760125350.7121682,66,outgoing,192.168.202.136,45.11.59.28,246.1528890132904
1760125350.7336695,66,incoming,45.11.59.28,192.168.202.136,246.17439031600952
1760125350.73367,66,incoming,45.11.59.28,192.168.202.136,246.17439079284668
1760125351.07323,602,incoming,185.220.101.106,192.168.202.136,246.51395082473755
1760125351.0733643,66,outgoing,192.168.202.136,185.220.101.106,246.51408505439758
1760125353.2665586,602,outgoing,192.168.202.136,64.65.63.15,248.70727944374084
1760125353.2829254,66,incoming,64.65.63.15,192.168.202.136,248.72364616394043
1760125353.5469224,602,incoming,64.65.63.15,192.168.202.136,248.98764324188232
1760125353.5471137,66,outgoing,192.168.202.136,64.65.63.15,248.98783445358276
1760125353.5488718,602,outgoing,192.168.202.136,64.65.63.15,248.98959255218506
1760125353.5675924,66,incoming,64.65.63.15,192.168.202.136,249.0083131790161
1760125353.9328985,602,incoming,64.65.63.15,192.168.202.136,249.37361931800842
1760125353.9340541,602,outgoing,192.168.202.136,64.65.63.15,249.37477493286133
1760125353.9654968,66,incoming,64.65.63.15,192.168.202.136,249.40621757507324
1760125355.3620663,602,incoming,185.220.101.106,192.168.202.136,250.80278706550598
1760125355.3622336,66,outgoing,192.168.202.136,185.220.101.106,250.8029544353485
1760125358.066623,602,incoming,64.65.63.15,192.168.202.136,253.5073437690735
1760125358.1105654,66,outgoing,192.168.202.136,64.65.63.15,253.55128622055054
1760125362.2724388,602,outgoing,192.168.202.136,64.65.63.15,257.7131595611572
1760125362.2948608,66,incoming,64.65.63.15,192.168.202.136,257.73558163642883
1760125362.7805786,602,incoming,64.65.63.15,192.168.202.136,258.22129940986633
1760125362.7808146,66,outgoing,192.168.202.136,64.65.63.15,258.22153544425964
1760125362.8793354,2144,outgoing,192.168.202.136,64.65.63.15,258.32005620002747
1760125362.9025407,66,incoming,64.65.63.15,192.168.202.136,258.3432614803314
1760125362.9031036,66,incoming,64.65.63.15,192.168.202.136,258.3438243865967
1760125363.5217724,602,incoming,185.220.101.106,192.168.202.136,258.96249318122864
1760125363.521915,66,outgoing,192.168.202.136,185.220.101.106,258.96263575553894
1760125363.658909,3172,incoming,64.65.63.15,192.168.202.136,259.0996298789978
1760125363.6590836,66,outgoing,192.168.202.136,64.65.63.15,259.0998044013977
1760125363.7061782,1514,incoming,64.65.63.15,192.168.202.136,259.14689898490906
1760125363.7063189,66,outgoing,192.168.202.136,64.65.63.15,259.1470396518707
1760125363.9112973,182,incoming,64.65.63.15,192.168.202.136,259.35201811790466
1760125363.911483,66,outgoing,192.168.202.136,64.65.63.15,259.3522038459778
1760125363.913383,602,outgoing,192.168.202.136,64.65.63.15,259.35410380363464
1760125363.9324486,66,incoming,64.65.63.15,192.168.202.136,259.37316942214966
1760125364.3115745,602,outgoing,192.168.202.136,185.220.101.106,259.752295255661
1760125364.3348894,66,incoming,185.220.101.106,192.168.202.136,259.77561020851135
1760125364.4204378,602,incoming,64.65.63.15,192.168.202.136,259.86115860939026
1760125364.4215863,602,outgoing,192.168.202.136,64.65.63.15,259.8623070716858
1760125364.4423707,66,incoming,64.65.63.15,192.168.202.136,259.88309144973755
1760125364.589791,602,incoming,185.220.101.106,192.168.202.136,260.0305118560791
1760125364.5899417,66,outgoing,192.168.202.136,185.220.101.106,260.0306625366211
1760125364.5912297,602,outgoing,192.168.202.136,185.220.101.106,260.0319504737854
1760125364.6127276,66,incoming,185.220.101.106,192.168.202.136,260.0534484386444
1760125364.9285197,602,incoming,185.220.101.106,192.168.202.136,260.36924052238464
1760125364.9292383,602,outgoing,192.168.202.136,185.220.101.106,260.36995911598206
1760125364.9483893,66,incoming,185.220.101.106,192.168.202.136,260.3891100883484
1760125365.2525444,602,incoming,185.220.101.106,192.168.202.136,260.69326519966125
1760125365.2943964,66,outgoing,192.168.202.136,185.220.101.106,260.73511719703674
1760125369.3254488,602,outgoing,192.168.202.136,64.65.63.15,264.76616954803467
1760125369.3433974,66,incoming,64.65.63.15,192.168.202.136,264.7841181755066
1760125370.172999,602,incoming,185.220.101.106,192.168.202.136,265.61371970176697
1760125370.173198,66,outgoing,192.168.202.136,185.220.101.106,265.6139187812805
1760125372.6268737,602,incoming,185.220.101.106,192.168.202.136,268.06759452819824
1760125372.6270127,66,outgoing,192.168.202.136,185.220.101.106,268.06773352622986
1760125374.2346768,602,incoming,64.65.63.15,192.168.202.136,269.6753976345062
1760125374.2785888,66,outgoing,192.168.202.136,64.65.63.15,269.71930956840515
1760125375.3499205,602,outgoing,192.168.202.136,64.65.63.15,270.7906413078308
1760125375.3684187,66,incoming,64.65.63.15,192.168.202.136,270.80913949012756
1760125375.4468052,602,incoming,185.220.101.106,192.168.202.136,270.88752603530884
1760125375.4469926,66,outgoing,192.168.202.136,185.220.101.106,270.887713432312
1760125375.633756,602,incoming,64.65.63.15,192.168.202.136,271.0744767189026
1760125375.633906,66,outgoing,192.168.202.136,64.65.63.15,271.07462668418884
1760125375.6352787,602,outgoing,192.168.202.136,64.65.63.15,271.0759994983673
1760125375.652906,66,incoming,64.65.63.15,192.168.202.136,271.0936267375946
1760125376.0118399,602,incoming,64.65.63.15,192.168.202.136,271.45256066322327
1760125376.0132818,602,outgoing,192.168.202.136,64.65.63.15,271.4540026187897
1760125376.0334697,66,incoming,64.65.63.15,192.168.202.136,271.4741904735565
1760125376.3969228,602,incoming,64.65.63.15,192.168.202.136,271.83764362335205
1760125376.4385047,66,outgoing,192.168.202.136,64.65.63.15,271.8792254924774
1760125378.3613942,1116,outgoing,192.168.202.136,64.65.63.15,273.8021149635315
1760125378.3615131,1116,outgoing,192.168.202.136,185.220.101.106,273.80223393440247
1760125378.3799374,66,incoming,64.65.63.15,192.168.202.136,273.8206582069397
1760125378.380446,66,incoming,185.220.101.106,192.168.202.136,273.8211667537689
1760125378.63514,602,incoming,185.220.101.106,192.168.202.136,274.0758607387543
1760125378.6353276,66,outgoing,192.168.202.136,185.220.101.106,274.076048374176
1760125378.6364326,602,outgoing,192.168.202.136,185.220.101.106,274.07715344429016
1760125378.6526518,602,incoming,64.65.63.15,192.168.202.136,274.0933725833893
1760125378.6528337,66,outgoing,192.168.202.136,64.65.63.15,274.09355449676514
1760125378.6535175,66,incoming,185.220.101.106,192.168.202.136,274.09423828125
1760125378.6539714,602,outgoing,192.168.202.136,64.65.63.15,274.0946922302246
1760125378.6772528,66,incoming,64.65.63.15,192.168.202.136,274.1179735660553
1760125378.9416468,602,incoming,185.220.101.106,192.168.202.136,274.3823676109314
1760125378.9433625,602,outgoing,192.168.202.136,185.220.101.106,274.3840832710266
1760125378.965548,66,incoming,185.220.101.106,192.168.202.136,274.40626883506775
1760125378.9709983,602,incoming,64.65.63.15,192.168.202.136,274.411719083786
1760125378.9719357,602,outgoing,192.168.202.136,64.65.63.15,274.41265654563904
1760125378.996765,66,incoming,64.65.63.15,192.168.202.136,274.43748569488525
1760125379.2998226,602,incoming,185.220.101.106,192.168.202.136,274.7405433654785
1760125379.3007994,602,outgoing,192.168.202.136,185.220.101.106,274.7415201663971
1760125379.3110135,602,incoming,64.65.63.15,192.168.202.136,274.7517342567444
1760125379.3120296,602,outgoing,192.168.202.136,64.65.63.15,274.7527503967285
1760125379.318954,66,incoming,185.220.101.106,192.168.202.136,274.75967478752136
1760125379.3336554,66,incoming,64.65.63.15,192.168.202.136,274.7743761539459
1760125379.6375856,602,incoming,64.65.63.15,192.168.202.136,275.0783064365387
1760125379.638458,602,outgoing,192.168.202.136,64.65.63.15,275.07917881011963
1760125379.6497543,602,incoming,185.220.101.106,192.168.202.136,275.09047508239746
1760125379.6504955,602,outgoing,192.168.202.136,185.220.101.106,275.0912163257599
1760125379.6579475,66,incoming,64.65.63.15,192.168.202.136,275.0986683368683
1760125379.6721761,66,incoming,185.220.101.106,192.168.202.136,275.1128969192505
1760125383.8952928,602,incoming,64.65.63.15,192.168.202.136,279.33601355552673
1760125383.9385643,66,outgoing,192.168.202.136,64.65.63.15,279.3792850971222
1760125384.5660183,1116,incoming,64.65.63.15,192.168.202.136,280.0067391395569
1760125384.566191,66,outgoing,192.168.202.136,64.65.63.15,280.00691175460815
1760125384.57015,602,outgoing,192.168.202.136,64.65.63.15,280.01087069511414
1760125384.5943537,66,incoming,64.65.63.15,192.168.202.136,280.03507447242737
1760125386.6541228,602,incoming,185.220.101.106,192.168.202.136,282.09484362602234
1760125386.6946197,66,outgoing,192.168.202.136,185.220.101.106,282.1353404521942
1760125389.9141476,602,incoming,64.65.63.15,192.168.202.136,285.3548684120178
1760125389.9545345,66,outgoing,192.168.202.136,64.65.63.15,285.39525532722473
1760125390.7907598,602,outgoing,192.168.202.136,185.220.101.106,286.2314805984497
1760125390.8125606,66,incoming,185.220.101.106,192.168.202.136,286.2532813549042
1760125392.5474465,602,outgoing,192.168.202.136,64.65.63.15,287.9881672859192
1760125392.5719674,66,incoming,64.65.63.15,192.168.202.136,288.0126881599426
1760125396.9887345,602,incoming,185.220.101.106,192.168.202.136,292.42945528030396
1760125396.9888961,66,outgoing,192.168.202.136,185.220.101.106,292.4296169281006
1760125399.2474856,602,outgoing,192.168.202.136,64.65.63.15,294.6882064342499
1760125399.2674642,66,incoming,64.65.63.15,192.168.202.136,294.7081849575043
1760125403.4629283,602,incoming,64.65.63.15,192.168.202.136,298.9036490917206
1760125403.4630842,66,outgoing,192.168.202.136,64.65.63.15,298.9038050174713
1760125403.5441902,602,outgoing,192.168.202.136,185.220.101.106,298.9849109649658
1760125403.5638168,66,incoming,185.220.101.106,192.168.202.136,299.00453758239746
1760125405.5390947,602,incoming,185.220.101.106,192.168.202.136,300.97981548309326
1760125405.5392406,66,outgoing,192.168.202.136,185.220.101.106,300.9799613952637
1760125409.4949915,602,outgoing,192.168.202.136,64.65.63.15,304.9357123374939
1760125409.5141358,66,incoming,64.65.63.15,192.168.202.136,304.95485663414
1760125413.4599571,1116,outgoing,192.168.202.136,64.65.63.15,308.9006779193878
1760125413.4782317,66,incoming,64.65.63.15,192.168.202.136,308.9189524650574
1760125413.5260758,602,incoming,185.220.101.106,192.168.202.136,308.9667966365814
1760125413.5262375,66,outgoing,192.168.202.136,185.220.101.106,308.96695828437805
1760125413.7461736,602,incoming,64.65.63.15,192.168.202.136,309.1868944168091
1760125413.7463856,66,outgoing,192.168.202.136,64.65.63.15,309.1871063709259
1760125413.7473557,602,outgoing,192.168.202.136,64.65.63.15,309.18807649612427
1760125413.766641,66,incoming,64.65.63.15,192.168.202.136,309.20736169815063
1760125414.1041474,602,incoming,64.65.63.15,192.168.202.136,309.5448682308197
1760125414.105566,602,outgoing,192.168.202.136,64.65.63.15,309.54628682136536
1760125414.1240408,66,incoming,64.65.63.15,192.168.202.136,309.56476163864136
1760125414.476652,602,incoming,64.65.63.15,192.168.202.136,309.91737270355225
1760125414.5185306,66,outgoing,192.168.202.136,64.65.63.15,309.9592514038086
1760125416.8869085,602,incoming,64.65.63.15,192.168.202.136,312.32762932777405
1760125416.8870745,66,outgoing,192.168.202.136,64.65.63.15,312.3277952671051
1760125420.655874,602,outgoing,192.168.202.136,185.220.101.106,316.09659481048584
1760125420.6745703,66,incoming,185.220.101.106,192.168.202.136,316.1152911186218
1760125423.2333453,602,incoming,185.220.101.106,192.168.202.136,318.67406606674194
1760125423.2334528,66,outgoing,192.168.202.136,185.220.101.106,318.6741735935211
1760125423.3577726,602,incoming,64.65.63.15,192.168.202.136,318.79849338531494
1760125423.3579059,66,outgoing,192.168.202.136,64.65.63.15,318.79862666130066
1760125428.9072115,602,outgoing,192.168.202.136,185.220.101.106,324.3479323387146
1760125428.9268734,66,incoming,185.220.101.106,192.168.202.136,324.36759424209595
1760125429.8668466,602,incoming,64.65.63.15,192.168.202.136,325.30756735801697
1760125429.8670058,66,outgoing,192.168.202.136,64.65.63.15,325.3077266216278
1760125434.6780121,602,outgoing,192.168.202.136,185.220.101.106,330.11873292922974
1760125434.695586,66,incoming,185.220.101.106,192.168.202.136,330.1363067626953
1760125437.8241024,602,outgoing,192.168.202.136,64.65.63.15,333.2648231983185
1760125437.8436146,66,incoming,64.65.63.15,192.168.202.136,333.28433537483215
1760125440.3676515,602,outgoing,192.168.202.136,185.220.101.106,335.80837225914
1760125440.3851366,66,incoming,185.220.101.106,192.168.202.136,335.82585740089417
1760125440.411198,602,incoming,185.220.101.106,192.168.202.136,335.8519186973572
1760125440.4113448,66,outgoing,192.168.202.136,185.220.101.106,335.8520655632019
1760125443.9905155,602,incoming,64.65.63.15,192.168.202.136,339.43123626708984
1760125443.9906538,66,outgoing,192.168.202.136,64.65.63.15,339.4313745498657
1760125444.6240335,602,outgoing,192.168.202.136,64.65.63.15,340.0647542476654
1760125444.648329,66,incoming,64.65.63.15,192.168.202.136,340.0890498161316
1760125445.1312747,602,incoming,64.65.63.15,192.168.202.136,340.5719954967499
1760125445.1314318,66,outgoing,192.168.202.136,64.65.63.15,340.5721526145935
1760125445.2275681,2144,outgoing,192.168.202.136,64.65.63.15,340.66828894615173
1760125445.2481654,66,incoming,64.65.63.15,192.168.202.136,340.6888861656189
1760125445.2481658,66,incoming,64.65.63.15,192.168.202.136,340.68888664245605
1760125446.0696926,2736,incoming,64.65.63.15,192.168.202.136,341.5104134082794
1760125446.0698822,66,outgoing,192.168.202.136,64.65.63.15,341.5106029510498
1760125446.0701911,502,incoming,64.65.63.15,192.168.202.136,341.5109119415283
1760125446.070336,66,outgoing,192.168.202.136,64.65.63.15,341.5110569000244
1760125446.0808885,1401,incoming,64.65.63.15,192.168.202.136,341.52160930633545
1760125446.081057,66,outgoing,192.168.202.136,64.65.63.15,341.5217778682709
1760125446.0879478,179,incoming,64.65.63.15,192.168.202.136,341.52866864204407
1760125446.0881026,66,outgoing,192.168.202.136,64.65.63.15,341.5288233757019
1760125446.328295,182,incoming,64.65.63.15,192.168.202.136,341.769015789032
1760125446.328475,66,outgoing,192.168.202.136,64.65.63.15,341.7691957950592
1760125446.3319986,602,outgoing,192.168.202.136,64.65.63.15,341.77271938323975
1760125446.355039,66,incoming,64.65.63.15,192.168.202.136,341.79575967788696
1760125446.8649879,602,incoming,64.65.63.15,192.168.202.136,342.3057086467743
1760125446.866632,602,outgoing,192.168.202.136,64.65.63.15,342.3073527812958
1760125446.8934896,66,incoming,64.65.63.15,192.168.202.136,342.334210395813
1760125446.8935425,602,outgoing,192.168.202.136,64.65.63.15,342.33426332473755
1760125446.918633,66,incoming,64.65.63.15,192.168.202.136,342.35935378074646
1760125447.5332053,602,incoming,64.65.63.15,192.168.202.136,342.9739260673523
1760125447.574375,66,outgoing,192.168.202.136,64.65.63.15,343.0150957107544
1760125448.3052924,602,incoming,185.220.101.106,192.168.202.136,343.74601316452026
1760125448.3053677,66,outgoing,192.168.202.136,185.220.101.106,343.74608850479126
1760125449.578769,1116,incoming,64.65.63.15,192.168.202.136,345.01948976516724
1760125449.5789108,66,outgoing,192.168.202.136,64.65.63.15,345.0196316242218
1760125449.58139,1116,outgoing,192.168.202.136,185.220.101.106,345.0221107006073
1760125449.6593418,66,incoming,185.220.101.106,192.168.202.136,345.1000626087189
1760125454.4897752,602,outgoing,192.168.202.136,185.220.101.106,349.93049597740173
1760125454.5143628,66,incoming,185.220.101.106,192.168.202.136,349.9550836086273
1760125455.436125,602,incoming,64.65.63.15,192.168.202.136,350.8768458366394
1760125455.4363253,66,outgoing,192.168.202.136,64.65.63.15,350.87704610824585
1760125459.8273883,602,incoming,185.220.101.106,192.168.202.136,355.26810908317566
1760125459.8275409,66,outgoing,192.168.202.136,185.220.101.106,355.2682616710663
1760125460.982782,602,outgoing,192.168.202.136,64.65.63.15,356.4235026836395
1760125461.0050151,66,incoming,64.65.63.15,192.168.202.136,356.4457359313965
1760125465.001963,602,outgoing,192.168.202.136,185.220.101.106,360.4426836967468
1760125465.0219848,66,incoming,185.220.101.106,192.168.202.136,360.4627056121826
1760125470.0567691,602,incoming,64.65.63.15,192.168.202.136,365.4974899291992
1760125470.0569224,66,outgoing,192.168.202.136,64.65.63.15,365.4976432323456
1760125471.6397052,2746,outgoing,192.168.202.136,64.65.63.15,367.0804259777069
1760125471.6397233,492,outgoing,192.168.202.136,64.65.63.15,367.0804440975189
1760125471.6397393,2746,outgoing,192.168.202.136,185.220.101.106,367.0804600715637
1760125471.639742,492,outgoing,192.168.202.136,185.220.101.106,367.0804626941681
1760125471.6591372,66,incoming,185.220.101.106,192.168.202.136,367.099858045578
1760125471.6591377,66,incoming,185.220.101.106,192.168.202.136,367.09985852241516
1760125471.6592739,66,incoming,64.65.63.15,192.168.202.136,367.0999946594238
1760125471.6592739,66,incoming,64.65.63.15,192.168.202.136,367.0999946594238
1760125471.6598516,66,incoming,64.65.63.15,192.168.202.136,367.100572347641
1760125471.659861,66,incoming,185.220.101.106,192.168.202.136,367.10058188438416
1760125471.7704806,602,incoming,185.220.101.106,192.168.202.136,367.21120142936707
1760125471.770741,66,outgoing,192.168.202.136,185.220.101.106,367.21146178245544
1760125472.1686227,1630,incoming,185.220.101.106,192.168.202.136,367.60934352874756
1760125472.168773,66,outgoing,192.168.202.136,185.220.101.106,367.6094937324524
1760125472.1711962,1630,outgoing,192.168.202.136,185.220.101.106,367.6119170188904
1760125472.184527,1116,incoming,64.65.63.15,192.168.202.136,367.6252477169037
1760125472.184627,66,outgoing,192.168.202.136,64.65.63.15,367.6253478527069
1760125472.185474,1116,outgoing,192.168.202.136,64.65.63.15,367.6261947154999
1760125472.1952112,66,incoming,185.220.101.106,192.168.202.136,367.63593196868896
1760125472.1952114,66,incoming,185.220.101.106,192.168.202.136,367.63593220710754
1760125472.2048826,66,incoming,64.65.63.15,192.168.202.136,367.6456034183502
1760125472.458887,602,incoming,185.220.101.106,192.168.202.136,367.8996078968048
1760125472.4601989,602,outgoing,192.168.202.136,185.220.101.106,367.900919675827
1760125472.4773502,602,incoming,64.65.63.15,192.168.202.136,367.91807103157043
1760125472.4788363,602,outgoing,192.168.202.136,64.65.63.15,367.919557094574
1760125472.484913,66,incoming,185.220.101.106,192.168.202.136,367.9256339073181
1760125472.498507,66,incoming,64.65.63.15,192.168.202.136,367.93922781944275
1760125472.5804973,602,outgoing,192.168.202.136,64.65.63.15,368.02121806144714
1760125472.6022637,66,incoming,64.65.63.15,192.168.202.136,368.0429844856262
1760125472.7367098,1138,incoming,185.220.101.106,192.168.202.136,368.1774306297302
1760125472.7387993,1116,outgoing,192.168.202.136,185.220.101.106,368.17952013015747
1760125472.7576876,602,incoming,64.65.63.15,192.168.202.136,368.19840836524963
1760125472.759077,602,outgoing,192.168.202.136,64.65.63.15,368.19979786872864
1760125472.7641788,66,incoming,185.220.101.106,192.168.202.136,368.20489954948425
1760125472.7776084,66,incoming,64.65.63.15,192.168.202.136,368.2183291912079
1760125473.0178385,602,incoming,64.65.63.15,192.168.202.136,368.45855927467346
1760125473.0178778,602,incoming,185.220.101.106,192.168.202.136,368.458598613739
1760125473.01914,602,outgoing,192.168.202.136,64.65.63.15,368.4598608016968
1760125473.0191784,602,outgoing,192.168.202.136,185.220.101.106,368.459899187088
1760125473.0376792,66,incoming,64.65.63.15,192.168.202.136,368.47839999198914
1760125473.0376794,66,incoming,185.220.101.106,192.168.202.136,368.4784002304077
1760125473.2767398,602,incoming,64.65.63.15,192.168.202.136,368.7174606323242
1760125473.2778816,602,outgoing,192.168.202.136,64.65.63.15,368.71860241889954
1760125473.2898657,602,incoming,185.220.101.106,192.168.202.136,368.7305865287781
1760125473.290784,602,outgoing,192.168.202.136,185.220.101.106,368.7315046787262
1760125473.298329,66,incoming,64.65.63.15,192.168.202.136,368.739049911499
1760125473.309527,66,incoming,185.220.101.106,192.168.202.136,368.7502477169037
1760125473.538395,602,incoming,64.65.63.15,192.168.202.136,368.9791157245636
1760125473.5393434,602,outgoing,192.168.202.136,64.65.63.15,368.98006415367126
1760125473.55841,66,incoming,64.65.63.15,192.168.202.136,368.9991307258606
1760125473.5636327,1138,incoming,185.220.101.106,192.168.202.136,369.0043535232544
1760125473.5648663,602,outgoing,192.168.202.136,185.220.101.106,369.00558710098267
1760125473.588304,66,incoming,185.220.101.106,192.168.202.136,369.02902483940125
1760125473.6003673,602,outgoing,192.168.202.136,64.65.63.15,369.04108810424805
1760125473.617646,66,incoming,64.65.63.15,192.168.202.136,369.0583667755127
1760125473.7965171,602,incoming,64.65.63.15,192.168.202.136,369.23723793029785
1760125473.7971323,602,outgoing,192.168.202.136,64.65.63.15,369.23785305023193
1760125473.8189156,66,incoming,64.65.63.15,192.168.202.136,369.2596364021301
1760125473.839994,602,incoming,185.220.101.106,192.168.202.136,369.2807147502899
1760125473.8406076,602,outgoing,192.168.202.136,185.220.101.106,369.2813284397125
1760125473.8591583,66,incoming,185.220.101.106,192.168.202.136,369.2998790740967
1760125474.0558655,602,incoming,64.65.63.15,192.168.202.136,369.4965863227844
1760125474.0572278,602,outgoing,192.168.202.136,64.65.63.15,369.4979486465454
1760125474.074474,66,incoming,64.65.63.15,192.168.202.136,369.5151948928833
1760125474.3165126,1138,incoming,64.65.63.15,192.168.202.136,369.75723338127136
1760125474.3179605,1116,outgoing,192.168.202.136,64.65.63.15,369.75868129730225
1760125474.335106,66,incoming,64.65.63.15,192.168.202.136,369.7758266925812
1760125474.8968813,602,incoming,64.65.63.15,192.168.202.136,370.3376021385193
1760125474.9385002,66,outgoing,192.168.202.136,64.65.63.15,370.3792209625244
1760125475.1995606,602,incoming,64.65.63.15,192.168.202.136,370.6402814388275
1760125475.1997108,66,outgoing,192.168.202.136,64.65.63.15,370.64043164253235
1760125475.200945,602,outgoing,192.168.202.136,64.65.63.15,370.6416656970978
1760125475.2191825,66,incoming,64.65.63.15,192.168.202.136,370.6599032878876
1760125475.7341866,602,incoming,64.65.63.15,192.168.202.136,371.1749074459076
1760125475.778338,66,outgoing,192.168.202.136,64.65.63.15,371.21905875205994
1760125482.0773442,602,outgoing,192.168.202.136,185.220.101.106,377.5180649757385
1760125482.093804,66,incoming,185.220.101.106,192.168.202.136,377.53452467918396
1760125482.3226867,602,incoming,185.220.101.106,192.168.202.136,377.7634074687958
1760125482.3664231,66,outgoing,192.168.202.136,185.220.101.106,377.8071439266205
1760125483.7501032,602,incoming,64.65.63.15,192.168.202.136,379.19082403182983
1760125483.7502704,66,outgoing,192.168.202.136,64.65.63.15,379.1909911632538
1760125487.8716073,602,outgoing,192.168.202.136,185.220.101.106,383.31232810020447
1760125487.894113,66,incoming,185.220.101.106,192.168.202.136,383.33483386039734
1760125489.5247734,602,outgoing,192.168.202.136,64.65.63.15,384.9654941558838
1760125489.5460532,66,incoming,64.65.63.15,192.168.202.136,384.9867739677429
1760125493.3897471,602,outgoing,192.168.202.136,64.65.63.15,388.83046793937683
1760125493.4082143,66,incoming,64.65.63.15,192.168.202.136,388.8489351272583
1760125494.1159582,602,outgoing,192.168.202.136,185.220.101.106,389.55667901039124
1760125494.1372507,66,incoming,185.220.101.106,192.168.202.136,389.57797145843506
1760125497.5111277,602,outgoing,192.168.202.136,185.220.101.106,392.9518485069275
1760125497.5342126,66,incoming,185.220.101.106,192.168.202.136,392.974933385849
1760125498.0309772,602,outgoing,192.168.202.136,64.65.63.15,393.4716980457306
1760125498.0507112,66,incoming,64.65.63.15,192.168.202.136,393.4914319515228
1760125502.4955027,602,outgoing,192.168.202.136,64.65.63.15,397.9362235069275
1760125502.517738,66,incoming,64.65.63.15,192.168.202.136,397.95845890045166
1760125502.669538,1116,outgoing,192.168.202.136,64.65.63.15,398.11025881767273
1760125502.6695943,602,outgoing,192.168.202.136,185.220.101.106,398.1103150844574
1760125502.6897311,66,incoming,185.220.101.106,192.168.202.136,398.1304519176483
1760125502.6897998,66,incoming,64.65.63.15,192.168.202.136,398.1305205821991
1760125503.0441654,602,incoming,64.65.63.15,192.168.202.136,398.4848861694336
1760125503.044337,66,outgoing,192.168.202.136,64.65.63.15,398.48505783081055
1760125503.0454388,602,outgoing,192.168.202.136,64.65.63.15,398.4861595630646
1760125503.077489,66,incoming,64.65.63.15,192.168.202.136,398.51820969581604
1760125503.3484983,602,incoming,64.65.63.15,192.168.202.136,398.78921914100647
1760125503.349994,602,outgoing,192.168.202.136,64.65.63.15,398.7907147407532
1760125503.3682795,66,incoming,64.65.63.15,192.168.202.136,398.80900025367737
1760125503.6615982,602,incoming,64.65.63.15,192.168.202.136,399.1023190021515
1760125503.7026277,66,outgoing,192.168.202.136,64.65.63.15,399.1433484554291
1760125506.5086615,602,incoming,185.220.101.106,192.168.202.136,401.94938230514526
1760125506.5088584,66,outgoing,192.168.202.136,185.220.101.106,401.9495792388916
1760125506.5762064,602,outgoing,192.168.202.136,64.65.63.15,402.01692724227905
1760125506.5975347,66,incoming,64.65.63.15,192.168.202.136,402.03825545310974
1760125509.634558,602,outgoing,192.168.202.136,185.220.101.106,405.0752787590027
1760125509.6528633,66,incoming,185.220.101.106,192.168.202.136,405.09358406066895
1760125510.2829497,602,incoming,64.65.63.15,192.168.202.136,405.7236704826355
1760125510.2830968,66,outgoing,192.168.202.136,64.65.63.15,405.7238175868988
1760125510.3760178,2144,outgoing,192.168.202.136,185.220.101.106,405.81673860549927
1760125510.3944645,66,incoming,185.220.101.106,192.168.202.136,405.83518528938293
1760125510.3944652,66,incoming,185.220.101.106,192.168.202.136,405.8351860046387
1760125511.1581986,1514,incoming,64.65.63.15,192.168.202.136,406.5989193916321
1760125511.158199,1401,incoming,64.65.63.15,192.168.202.136,406.59891986846924
1760125511.1583402,66,outgoing,192.168.202.136,64.65.63.15,406.59906101226807
1760125511.158363,66,outgoing,192.168.202.136,64.65.63.15,406.59908390045166
1760125511.1788385,903,incoming,64.65.63.15,192.168.202.136,406.6195592880249
1760125511.178955,66,outgoing,192.168.202.136,64.65.63.15,406.6196758747101
1760125511.1793091,602,outgoing,192.168.202.136,64.65.63.15,406.62002992630005
1760125511.1988444,66,incoming,64.65.63.15,192.168.202.136,406.6395652294159
1760125511.4165726,1116,incoming,64.65.63.15,192.168.202.136,406.85729336738586
1760125511.4183843,602,outgoing,192.168.202.136,185.220.101.106,406.85910511016846
1760125511.4372854,66,incoming,185.220.101.106,192.168.202.136,406.8780062198639
1760125511.4583797,66,outgoing,192.168.202.136,64.65.63.15,406.8991005420685
1760125511.920776,602,incoming,64.65.63.15,192.168.202.136,407.3614966869354
1760125511.9209216,66,outgoing,192.168.202.136,64.65.63.15,407.36164236068726
1760125511.922682,602,outgoing,192.168.202.136,185.220.101.106,407.36340284347534
1760125511.944729,66,incoming,185.220.101.106,192.168.202.136,407.385449886322
1760125511.9447877,602,outgoing,192.168.202.136,185.220.101.106,407.3855085372925
1760125511.964025,66,incoming,185.220.101.106,192.168.202.136,407.40474581718445
1760125513.709224,602,outgoing,192.168.202.136,185.220.101.106,409.1499447822571
1760125513.7379127,66,incoming,185.220.101.106,192.168.202.136,409.1786334514618
1760125513.9871583,602,incoming,185.220.101.106,192.168.202.136,409.4278790950775
1760125513.9873073,66,outgoing,192.168.202.136,185.220.101.106,409.42802810668945
1760125513.9886308,602,outgoing,192.168.202.136,185.220.101.106,409.42935156822205
1760125514.0140114,66,incoming,185.220.101.106,192.168.202.136,409.4547321796417
1760125514.2942169,602,incoming,185.220.101.106,192.168.202.136,409.7349376678467
1760125514.2956228,602,outgoing,192.168.202.136,185.220.101.106,409.73634362220764
1760125514.3185194,66,incoming,185.220.101.106,192.168.202.136,409.75924015045166
1760125514.6231694,602,incoming,185.220.101.106,192.168.202.136,410.06389021873474
1760125514.6663465,66,outgoing,192.168.202.136,185.220.101.106,410.1070673465729
1760125516.5349236,602,outgoing,192.168.202.136,185.220.101.106,411.9756443500519
1760125516.5581276,66,incoming,185.220.101.106,192.168.202.136,411.99884843826294
1760125517.4516194,602,outgoing,192.168.202.136,64.65.63.15,412.89234018325806
1760125517.4786673,66,incoming,64.65.63.15,192.168.202.136,412.9193880558014
1760125521.2937841,602,outgoing,192.168.202.136,185.220.101.106,416.7345049381256
1760125521.3146293,66,incoming,185.220.101.106,192.168.202.136,416.75535011291504
1760125524.1474314,602,outgoing,192.168.202.136,185.220.101.106,419.5881521701813
1760125524.1687176,66,incoming,185.220.101.106,192.168.202.136,419.60943841934204
1760125524.8919268,602,incoming,64.65.63.15,192.168.202.136,420.332647562027
1760125524.8920965,66,outgoing,192.168.202.136,64.65.63.15,420.3328173160553
1760125525.8692477,1630,incoming,64.65.63.15,192.168.202.136,421.3099684715271
1760125525.8693986,66,outgoing,192.168.202.136,64.65.63.15,421.31011939048767
1760125525.879573,602,outgoing,192.168.202.136,185.220.101.106,421.32029390335083
1760125525.9063032,66,incoming,185.220.101.106,192.168.202.136,421.3470239639282
1760125532.0826151,602,incoming,185.220.101.106,192.168.202.136,427.5233359336853
1760125532.082813,66,outgoing,192.168.202.136,185.220.101.106,427.52353382110596
1760125532.3038456,602,incoming,64.65.63.15,192.168.202.136,427.7445664405823
1760125532.3039806,66,outgoing,192.168.202.136,64.65.63.15,427.74470138549805
1760125533.7459245,1630,outgoing,192.168.202.136,64.65.63.15,429.1866452693939
1760125533.7665849,66,incoming,64.65.63.15,192.168.202.136,429.20730566978455
1760125533.7665854,66,incoming,64.65.63.15,192.168.202.136,429.2073061466217
1760125534.2972593,602,incoming,64.65.63.15,192.168.202.136,429.7379801273346
1760125534.2975025,66,outgoing,192.168.202.136,64.65.63.15,429.7382233142853
1760125534.2989593,602,outgoing,192.168.202.136,64.65.63.15,429.7396800518036
1760125534.320333,66,incoming,64.65.63.15,192.168.202.136,429.7610538005829
1760125534.6094768,602,incoming,64.65.63.15,192.168.202.136,430.05019760131836
1760125534.6108713,602,outgoing,192.168.202.136,64.65.63.15,430.0515921115875
1760125534.633096,66,incoming,64.65.63.15,192.168.202.136,430.07381677627563
1760125534.9671466,602,incoming,64.65.63.15,192.168.202.136,430.4078674316406
1760125535.0107353,66,outgoing,192.168.202.136,64.65.63.15,430.4514560699463
1760125535.1154633,602,outgoing,192.168.202.136,185.220.101.106,430.556184053421
1760125535.1341014,66,incoming,185.220.101.106,192.168.202.136,430.5748221874237
1760125538.1632707,602,outgoing,192.168.202.136,64.65.63.15,433.6039915084839
1760125538.1796398,66,incoming,64.65.63.15,192.168.202.136,433.62036061286926
1760125538.8227684,602,outgoing,192.168.202.136,185.220.101.106,434.2634892463684
1760125538.8452318,66,incoming,185.220.101.106,192.168.202.136,434.2859525680542
1760125541.6860712,602,incoming,185.220.101.106,192.168.202.136,437.1267919540405
1760125541.6862369,66,outgoing,192.168.202.136,185.220.101.106,437.126957654953
1760125544.2495906,602,outgoing,192.168.202.136,185.220.101.106,439.69031143188477
1760125544.2701876,66,incoming,185.220.101.106,192.168.202.136,439.71090841293335
1760125544.7777824,602,outgoing,192.168.202.136,185.220.101.106,440.21850323677063
1760125544.7981894,66,incoming,185.220.101.106,192.168.202.136,440.23891019821167
1760125544.8918817,602,incoming,64.65.63.15,192.168.202.136,440.3326025009155
1760125544.8920376,66,outgoing,192.168.202.136,64.65.63.15,440.33275842666626
1760125545.0521464,602,incoming,185.220.101.106,192.168.202.136,440.492867231369
1760125545.0522847,66,outgoing,192.168.202.136,185.220.101.106,440.4930055141449
1760125545.0533104,602,outgoing,192.168.202.136,185.220.101.106,440.4940311908722
1760125545.078731,66,incoming,185.220.101.106,192.168.202.136,440.51945185661316
1760125545.3607957,602,incoming,185.220.101.106,192.168.202.136,440.80151653289795
1760125545.3623643,602,outgoing,192.168.202.136,185.220.101.106,440.80308508872986
1760125545.3782105,66,incoming,185.220.101.106,192.168.202.136,440.81893134117126
1760125545.8053546,602,incoming,185.220.101.106,192.168.202.136,441.2460753917694
1760125545.8466008,66,outgoing,192.168.202.136,185.220.101.106,441.2873215675354
1760125548.285348,602,incoming,64.65.63.15,192.168.202.136,443.7260687351227
1760125548.2855172,66,outgoing,192.168.202.136,64.65.63.15,443.72623801231384
1760125549.6117263,602,outgoing,192.168.202.136,185.220.101.106,445.0524470806122
1760125549.629696,66,incoming,185.220.101.106,192.168.202.136,445.07041668891907
1760125551.005006,602,incoming,64.65.63.15,192.168.202.136,446.4457268714905
1760125551.0051873,66,outgoing,192.168.202.136,64.65.63.15,446.4459080696106
1760125557.607473,602,outgoing,192.168.202.136,185.220.101.106,453.048193693161
1760125557.632416,66,incoming,185.220.101.106,192.168.202.136,453.07313680648804
1760125559.029222,602,incoming,64.65.63.15,192.168.202.136,454.46994280815125
1760125559.0294943,66,outgoing,192.168.202.136,64.65.63.15,454.4702150821686
1760125564.18022,602,outgoing,192.168.202.136,185.220.101.106,459.6209406852722
1760125564.2053344,66,incoming,185.220.101.106,192.168.202.136,459.6460552215576
1760125564.857539,1630,outgoing,192.168.202.136,64.65.63.15,460.2982597351074
1760125564.8575745,1630,outgoing,192.168.202.136,185.220.101.106,460.2982952594757
1760125564.8790445,66,incoming,64.65.63.15,192.168.202.136,460.31976532936096
1760125564.879045,66,incoming,64.65.63.15,192.168.202.136,460.3197658061981
1760125564.8790936,66,incoming,185.220.101.106,192.168.202.136,460.31981444358826
1760125564.892902,66,incoming,185.220.101.106,192.168.202.136,460.3336226940155
1760125565.3888307,602,incoming,185.220.101.106,192.168.202.136,460.82955145835876
1760125565.3889585,66,outgoing,192.168.202.136,185.220.101.106,460.82967925071716
1760125565.3899698,602,outgoing,192.168.202.136,185.220.101.106,460.8306906223297
1760125565.4043107,602,incoming,64.65.63.15,192.168.202.136,460.84503149986267
1760125565.404457,66,outgoing,192.168.202.136,64.65.63.15,460.84517788887024
1760125565.4057274,602,outgoing,192.168.202.136,64.65.63.15,460.8464481830597
1760125565.4135673,66,incoming,185.220.101.106,192.168.202.136,460.8542881011963
1760125565.4244583,66,incoming,64.65.63.15,192.168.202.136,460.86517906188965
1760125565.6850352,602,incoming,185.220.101.106,192.168.202.136,461.12575602531433
1760125565.6866548,602,outgoing,192.168.202.136,185.220.101.106,461.12737560272217
1760125565.7128172,66,incoming,185.220.101.106,192.168.202.136,461.1535379886627
1760125565.712861,602,incoming,64.65.63.15,192.168.202.136,461.1535818576813
1760125565.7145016,602,outgoing,192.168.202.136,64.65.63.15,461.1552224159241
1760125565.7340877,66,incoming,64.65.63.15,192.168.202.136,461.17480850219727
1760125566.0158148,602,incoming,185.220.101.106,192.168.202.136,461.45653557777405
1760125566.0167603,602,outgoing,192.168.202.136,185.220.101.106,461.45748114585876
1760125566.0389864,66,incoming,185.220.101.106,192.168.202.136,461.47970724105835
1760125566.069875,602,incoming,64.65.63.15,192.168.202.136,461.51059579849243
1760125566.0709665,602,outgoing,192.168.202.136,64.65.63.15,461.51168727874756
1760125566.0924735,66,incoming,64.65.63.15,192.168.202.136,461.5331943035126
1760125566.3340826,602,incoming,185.220.101.106,192.168.202.136,461.7748034000397
1760125566.3346436,602,outgoing,192.168.202.136,185.220.101.106,461.7753643989563
1760125566.3524191,66,incoming,185.220.101.106,192.168.202.136,461.7931399345398
1760125566.4209888,602,incoming,64.65.63.15,192.168.202.136,461.86170959472656
1760125566.4216967,602,outgoing,192.168.202.136,64.65.63.15,461.8624174594879
1760125566.4388359,66,incoming,64.65.63.15,192.168.202.136,461.8795566558838
1760125570.9091792,602,incoming,185.220.101.106,192.168.202.136,466.3499000072479
1760125570.9504914,66,outgoing,192.168.202.136,185.220.101.106,466.3912122249603
1760125573.3054256,602,incoming,185.220.101.106,192.168.202.136,468.746146440506
1760125573.3055696,66,outgoing,192.168.202.136,185.220.101.106,468.74629044532776
1760125574.4270856,602,outgoing,192.168.202.136,64.65.63.15,469.86780643463135
1760125574.4532924,66,incoming,64.65.63.15,192.168.202.136,469.8940131664276
1760125575.8671834,602,outgoing,192.168.202.136,64.65.63.15,471.30790424346924
1760125575.90316,66,incoming,64.65.63.15,192.168.202.136,471.3438808917999
1760125576.1722784,602,incoming,64.65.63.15,192.168.202.136,471.6129992008209
1760125576.1735952,602,outgoing,192.168.202.136,64.65.63.15,471.6143159866333
1760125576.1942418,66,incoming,64.65.63.15,192.168.202.136,471.63496255874634
1760125576.4926841,602,incoming,64.65.63.15,192.168.202.136,471.93340492248535
1760125576.4941497,602,outgoing,192.168.202.136,64.65.63.15,471.9348704814911
1760125576.5126212,66,incoming,64.65.63.15,192.168.202.136,471.953341960907
1760125576.838732,602,incoming,64.65.63.15,192.168.202.136,472.27945280075073
1760125576.882446,66,outgoing,192.168.202.136,64.65.63.15,472.323166847229
1760125577.5334585,602,incoming,185.220.101.106,192.168.202.136,472.9741792678833
1760125577.533595,66,outgoing,192.168.202.136,185.220.101.106,472.9743158817291
1760125580.1091864,602,outgoing,192.168.202.136,64.65.63.15,475.549907207489
1760125580.1294372,66,incoming,64.65.63.15,192.168.202.136,475.57015800476074
1760125582.784336,602,outgoing,192.168.202.136,64.65.63.15,478.225056886673
1760125582.8036606,66,incoming,64.65.63.15,192.168.202.136,478.2443814277649
1760125584.675108,602,incoming,185.220.101.106,192.168.202.136,480.1158287525177
1760125584.6753235,66,outgoing,192.168.202.136,185.220.101.106,480.1160442829132
1760125585.9420779,602,outgoing,192.168.202.136,185.220.101.106,481.3827986717224
1760125585.9618678,66,incoming,185.220.101.106,192.168.202.136,481.40258860588074
1760125586.3959935,602,incoming,64.65.63.15,192.168.202.136,481.8367142677307
1760125586.3961558,66,outgoing,192.168.202.136,64.65.63.15,481.8368766307831
1760125586.4926777,2144,outgoing,192.168.202.136,185.220.101.106,481.9333984851837
1760125586.5140035,66,incoming,185.220.101.106,192.168.202.136,481.9547243118286
1760125586.5153096,66,incoming,185.220.101.106,192.168.202.136,481.95603036880493
1760125586.8877559,602,outgoing,192.168.202.136,185.220.101.106,482.3284766674042
1760125586.909685,66,incoming,185.220.101.106,192.168.202.136,482.3504056930542
1760125587.2236202,1401,incoming,64.65.63.15,192.168.202.136,482.6643409729004
1760125587.2238004,66,outgoing,192.168.202.136,64.65.63.15,482.6645212173462
1760125587.2238357,1837,incoming,64.65.63.15,192.168.202.136,482.6645565032959
1760125587.2238503,66,outgoing,192.168.202.136,64.65.63.15,482.6645710468292
1760125587.2747357,602,incoming,185.220.101.106,192.168.202.136,482.7154564857483
1760125587.274876,66,outgoing,192.168.202.136,185.220.101.106,482.7155969142914
1760125587.2758863,602,outgoing,192.168.202.136,185.220.101.106,482.71660709381104
1760125587.278468,1514,incoming,64.65.63.15,192.168.202.136,482.71918869018555
1760125587.2786574,66,outgoing,192.168.202.136,64.65.63.15,482.71937823295593
1760125587.2953997,66,incoming,185.220.101.106,192.168.202.136,482.7361204624176
1760125587.4823554,182,incoming,64.65.63.15,192.168.202.136,482.9230761528015
1760125587.4825077,66,outgoing,192.168.202.136,64.65.63.15,482.92322850227356
1760125587.4855676,602,outgoing,192.168.202.136,185.220.101.106,482.92628836631775
1760125587.5037303,66,incoming,185.220.101.106,192.168.202.136,482.9444510936737
1760125587.5569267,602,incoming,185.220.101.106,192.168.202.136,482.99764752388
1760125587.5581257,602,outgoing,192.168.202.136,185.220.101.106,482.9988465309143
1760125587.5793197,66,incoming,185.220.101.106,192.168.202.136,483.02004051208496
1760125588.0095243,602,incoming,64.65.63.15,192.168.202.136,483.45024514198303
1760125588.0096633,66,outgoing,192.168.202.136,64.65.63.15,483.45038414001465
1760125588.0118341,602,outgoing,192.168.202.136,185.220.101.106,483.45255494117737
1760125588.0347636,66,incoming,185.220.101.106,192.168.202.136,483.4754843711853
1760125588.1378684,602,incoming,185.220.101.106,192.168.202.136,483.5785892009735
1760125588.1784692,66,outgoing,192.168.202.136,185.220.101.106,483.6191899776459
1760125588.7030797,1116,incoming,64.65.63.15,192.168.202.136,484.14380049705505
1760125588.7032406,66,outgoing,192.168.202.136,64.65.63.15,484.14396142959595
1760125588.7060537,602,outgoing,192.168.202.136,185.220.101.106,484.14677453041077
1760125588.7295585,66,incoming,185.220.101.106,192.168.202.136,484.1702792644501
1760125594.78462,602,incoming,185.220.101.106,192.168.202.136,490.2253408432007
1760125594.7848437,66,outgoing,192.168.202.136,185.220.101.106,490.2255644798279
1760125595.9125972,602,outgoing,192.168.202.136,64.65.63.15,491.3533179759979
1760125595.933483,66,incoming,64.65.63.15,192.168.202.136,491.3742036819458
1760125597.956018,602,outgoing,192.168.202.136,64.65.63.15,493.3967387676239
1760125597.9807398,66,incoming,64.65.63.15,192.168.202.136,493.4214606285095
1760125598.24534,602,incoming,64.65.63.15,192.168.202.136,493.68606090545654
1760125598.2454953,66,outgoing,192.168.202.136,64.65.63.15,493.68621611595154
1760125598.2468278,602,outgoing,192.168.202.136,64.65.63.15,493.68754863739014
1760125598.2740128,66,incoming,64.65.63.15,192.168.202.136,493.71473360061646
1760125598.5637722,602,incoming,64.65.63.15,192.168.202.136,494.00449299812317
1760125598.5653677,602,outgoing,192.168.202.136,64.65.63.15,494.0060884952545
1760125598.5859077,66,incoming,64.65.63.15,192.168.202.136,494.0266284942627
1760125598.9118137,602,incoming,64.65.63.15,192.168.202.136,494.352534532547
1760125598.9546432,66,outgoing,192.168.202.136,64.65.63.15,494.3953640460968
1760125603.110488,602,incoming,185.220.101.106,192.168.202.136,498.55120873451233
1760125603.1106083,66,outgoing,192.168.202.136,185.220.101.106,498.5513291358948
1760125605.9865155,602,outgoing,192.168.202.136,64.65.63.15,501.42723631858826
1760125606.0092497,66,incoming,64.65.63.15,192.168.202.136,501.4499704837799
1760125608.5974615,602,incoming,185.220.101.106,192.168.202.136,504.03818225860596
1760125608.59765,66,outgoing,192.168.202.136,185.220.101.106,504.038370847702
1760125612.3200302,602,incoming,64.65.63.15,192.168.202.136,507.7607510089874
1760125612.3201065,66,outgoing,192.168.202.136,64.65.63.15,507.76082730293274
1760125613.3710542,602,incoming,185.220.101.106,192.168.202.136,508.81177496910095
1760125613.3711672,66,outgoing,192.168.202.136,185.220.101.106,508.81188797950745
1760125618.0872097,602,incoming,64.65.63.15,192.168.202.136,513.5279304981232
1760125618.0873854,66,outgoing,192.168.202.136,64.65.63.15,513.528106212616
1760125619.7190266,602,outgoing,192.168.202.136,185.220.101.106,515.1597473621368
1760125619.743665,66,incoming,185.220.101.106,192.168.202.136,515.1843857765198
1760125624.5868573,602,incoming,185.220.101.106,192.168.202.136,520.0275781154633
1760125624.5870588,66,outgoing,192.168.202.136,185.220.101.106,520.0277795791626
1760125625.2776234,602,outgoing,192.168.202.136,64.65.63.15,520.7183442115784
1760125625.3010662,66,incoming,64.65.63.15,192.168.202.136,520.7417869567871
1760125632.2966115,602,incoming,64.65.63.15,192.168.202.136,527.7373323440552
1760125632.2967813,66,outgoing,192.168.202.136,64.65.63.15,527.7375020980835
1760125632.3370953,602,incoming,185.220.101.106,192.168.202.136,527.7778160572052
1760125632.337251,66,outgoing,192.168.202.136,185.220.101.106,527.7779717445374
1760125636.782762,602,outgoing,192.168.202.136,185.220.101.106,532.2234828472137
1760125636.8006008,66,incoming,185.220.101.106,192.168.202.136,532.2413215637207
1760125639.1877053,602,outgoing,192.168.202.136,64.65.63.15,534.6284260749817
1760125639.2087994,66,incoming,64.65.63.15,192.168.202.136,534.6495201587677
1760125642.5672064,602,outgoing,192.168.202.136,185.220.101.106,538.0079271793365
1760125642.5894873,66,incoming,185.220.101.106,192.168.202.136,538.0302081108093
1760125643.544049,602,outgoing,192.168.202.136,64.65.63.15,538.984769821167
1760125643.563301,66,incoming,64.65.63.15,192.168.202.136,539.0040218830109
1760125643.8104246,602,incoming,64.65.63.15,192.168.202.136,539.251145362854
1760125643.8105862,66,outgoing,192.168.202.136,64.65.63.15,539.2513070106506
1760125648.330441,602,outgoing,192.168.202.136,185.220.101.106,543.7711617946625
1760125648.358534,66,incoming,185.220.101.106,192.168.202.136,543.7992548942566
1760125648.7601447,602,outgoing,192.168.202.136,185.220.101.106,544.2008655071259
1760125648.7789268,66,incoming,185.220.101.106,192.168.202.136,544.2196476459503
1760125649.303685,602,incoming,64.65.63.15,192.168.202.136,544.74440574646
1760125649.303821,66,outgoing,192.168.202.136,64.65.63.15,544.7445418834686
1760125649.391091,2144,outgoing,192.168.202.136,185.220.101.106,544.8318119049072
1760125649.408168,66,incoming,185.220.101.106,192.168.202.136,544.848888874054
1760125649.4084356,66,incoming,185.220.101.106,192.168.202.136,544.8491563796997
1760125650.1117835,1514,incoming,64.65.63.15,192.168.202.136,545.5525043010712
1760125650.111784,1401,incoming,64.65.63.15,192.168.202.136,545.5525047779083
1760125650.111972,66,outgoing,192.168.202.136,64.65.63.15,545.5526928901672
1760125650.1119955,66,outgoing,192.168.202.136,64.65.63.15,545.552716255188
1760125650.1272845,903,incoming,64.65.63.15,192.168.202.136,545.56800532341
1760125650.1275513,66,outgoing,192.168.202.136,64.65.63.15,545.5682721138
1760125650.3716233,1116,incoming,64.65.63.15,192.168.202.136,545.8123440742493
1760125650.3718693,66,outgoing,192.168.202.136,64.65.63.15,545.8125901222229
1760125650.37236,602,outgoing,192.168.202.136,64.65.63.15,545.8130807876587
1760125650.3755732,602,outgoing,192.168.202.136,185.220.101.106,545.8162939548492
1760125650.3925452,66,incoming,64.65.63.15,192.168.202.136,545.8332660198212
1760125650.3935282,66,incoming,185.220.101.106,192.168.202.136,545.8342490196228
1760125650.8337467,602,incoming,64.65.63.15,192.168.202.136,546.2744674682617
1760125650.8357294,602,outgoing,192.168.202.136,185.220.101.106,546.2764501571655
1760125650.852454,66,incoming,185.220.101.106,192.168.202.136,546.2931747436523
1760125650.8744702,66,outgoing,192.168.202.136,64.65.63.15,546.3151910305023
1760125654.758801,602,incoming,64.65.63.15,192.168.202.136,550.199521780014
1760125654.7589836,66,outgoing,192.168.202.136,64.65.63.15,550.1997044086456
1760125657.1305802,2746,outgoing,192.168.202.136,64.65.63.15,552.571300983429
1760125657.1305923,492,outgoing,192.168.202.136,64.65.63.15,552.5713131427765
1760125657.1306074,2746,outgoing,192.168.202.136,185.220.101.106,552.571328163147
1760125657.13061,492,outgoing,192.168.202.136,185.220.101.106,552.5713307857513
1760125657.1527815,66,incoming,64.65.63.15,192.168.202.136,552.5935022830963
1760125657.1535563,66,incoming,64.65.63.15,192.168.202.136,552.5942771434784
1760125657.1542995,66,incoming,64.65.63.15,192.168.202.136,552.5950202941895
1760125657.1558397,66,incoming,185.220.101.106,192.168.202.136,552.5965604782104
1760125657.15623,66,incoming,185.220.101.106,192.168.202.136,552.5969507694244
1760125657.1562302,66,incoming,185.220.101.106,192.168.202.136,552.596951007843
1760125657.665166,1401,incoming,185.220.101.106,192.168.202.136,553.1058866977692
1760125657.6652677,66,outgoing,192.168.202.136,185.220.101.106,553.1059885025024
1760125657.6652849,295,incoming,185.220.101.106,192.168.202.136,553.1060056686401
1760125657.6652932,66,outgoing,192.168.202.136,185.220.101.106,553.1060140132904
1760125657.6666892,1630,outgoing,192.168.202.136,185.220.101.106,553.107409954071
1760125657.6787643,1116,incoming,64.65.63.15,192.168.202.136,553.1194851398468
1760125657.6788964,66,outgoing,192.168.202.136,64.65.63.15,553.1196172237396
1760125657.680405,1116,outgoing,192.168.202.136,64.65.63.15,553.1211256980896
1760125657.6901276,66,incoming,185.220.101.106,192.168.202.136,553.1308484077454
1760125657.6908233,66,incoming,185.220.101.106,192.168.202.136,553.1315441131592
1760125657.7005403,66,incoming,64.65.63.15,192.168.202.136,553.141261100769
1760125657.9999197,602,incoming,64.65.63.15,192.168.202.136,553.4406404495239
1760125658.0012472,602,outgoing,192.168.202.136,64.65.63.15,553.4419679641724
1760125658.0224578,66,incoming,64.65.63.15,192.168.202.136,553.4631786346436
1760125658.0890076,602,outgoing,192.168.202.136,185.220.101.106,553.5297284126282
1760125658.1099927,66,incoming,185.220.101.106,192.168.202.136,553.5507135391235
1760125658.2681317,1116,incoming,185.220.101.106,192.168.202.136,553.7088525295258
1760125658.269909,1116,outgoing,192.168.202.136,185.220.101.106,553.7106297016144
1760125658.2954164,66,incoming,185.220.101.106,192.168.202.136,553.7361371517181
1760125658.3356588,602,incoming,64.65.63.15,192.168.202.136,553.7763795852661
1760125658.3365457,602,outgoing,192.168.202.136,64.65.63.15,553.7772665023804
1760125658.3548613,66,incoming,64.65.63.15,192.168.202.136,553.7955820560455
1760125658.5649686,1138,incoming,185.220.101.106,192.168.202.136,554.0056893825531
1760125658.5661178,1116,outgoing,192.168.202.136,185.220.101.106,554.0068385601044
1760125658.5853283,66,incoming,185.220.101.106,192.168.202.136,554.0260491371155
1760125658.6149714,602,incoming,64.65.63.15,192.168.202.136,554.0556921958923
1760125658.616314,602,outgoing,192.168.202.136,64.65.63.15,554.0570347309113
1760125658.6356037,66,incoming,64.65.63.15,192.168.202.136,554.0763244628906
1760125658.8386204,602,incoming,185.220.101.106,192.168.202.136,554.2793412208557
1760125658.83965,602,outgoing,192.168.202.136,185.220.101.106,554.2803707122803
1760125658.8596754,66,incoming,185.220.101.106,192.168.202.136,554.3003962039948
1760125658.8953671,602,incoming,64.65.63.15,192.168.202.136,554.3360879421234
1760125658.8959763,602,outgoing,192.168.202.136,64.65.63.15,554.336697101593
1760125658.915631,66,incoming,64.65.63.15,192.168.202.136,554.356351852417
1760125659.0912519,602,incoming,185.220.101.106,192.168.202.136,554.5319726467133
1760125659.0934496,602,outgoing,192.168.202.136,185.220.101.106,554.5341703891754
1760125659.1132784,66,incoming,185.220.101.106,192.168.202.136,554.5539991855621
1760125659.1133223,602,outgoing,192.168.202.136,185.220.101.106,554.5540430545807
1760125659.134801,66,incoming,185.220.101.106,192.168.202.136,554.5755217075348
1760125659.2287548,1630,incoming,64.65.63.15,192.168.202.136,554.6694755554199
1760125659.229164,66,outgoing,192.168.202.136,64.65.63.15,554.6698846817017
1760125659.229729,602,outgoing,192.168.202.136,64.65.63.15,554.6704497337341
1760125659.232674,602,outgoing,192.168.202.136,185.220.101.106,554.6733946800232
1760125659.2510133,66,incoming,185.220.101.106,192.168.202.136,554.6917340755463
1760125659.2510984,66,incoming,64.65.63.15,192.168.202.136,554.691819190979
1760125659.3449826,1138,incoming,185.220.101.106,192.168.202.136,554.785703420639
1760125659.346701,602,outgoing,192.168.202.136,185.220.101.106,554.7874217033386
1760125659.3742762,66,incoming,185.220.101.106,192.168.202.136,554.8149969577789
1760125659.573913,1519,incoming,185.220.101.106,192.168.202.136,555.0146338939667
1760125659.5742924,66,outgoing,192.168.202.136,185.220.101.106,555.015013217926
1760125659.5748281,1116,outgoing,192.168.202.136,185.220.101.106,555.0155489444733
1760125659.6251132,221,incoming,185.220.101.106,192.168.202.136,555.0658340454102
1760125659.6251137,66,incoming,185.220.101.106,192.168.202.136,555.0658345222473
1760125659.62576,602,outgoing,192.168.202.136,185.220.101.106,555.0664808750153
1760125659.6590762,66,incoming,185.220.101.106,192.168.202.136,555.0997970104218
1760125659.8555658,602,incoming,185.220.101.106,192.168.202.136,555.2962865829468
1760125659.8985527,66,outgoing,192.168.202.136,185.220.101.106,555.3392734527588
1760125659.9944313,602,incoming,64.65.63.15,192.168.202.136,555.435152053833
1760125659.995216,602,outgoing,192.168.202.136,64.65.63.15,555.4359366893768
1760125660.0142875,66,incoming,64.65.63.15,192.168.202.136,555.4550082683563
1760125660.1089294,602,incoming,185.220.101.106,192.168.202.136,555.5496501922607
1760125660.1090717,66,outgoing,192.168.202.136,185.220.101.106,555.5497925281525
1760125660.1099925,602,outgoing,192.168.202.136,185.220.101.106,555.550713300705
1760125660.1275733,66,incoming,185.220.101.106,192.168.202.136,555.5682940483093
1760125660.6698496,602,incoming,185.220.101.106,192.168.202.136,556.1105704307556
1760125660.7105296,66,outgoing,192.168.202.136,185.220.101.106,556.1512503623962
1760125668.646881,602,outgoing,192.168.202.136,64.65.63.15,564.0876019001007
1760125668.6635225,66,incoming,64.65.63.15,192.168.202.136,564.1042432785034
1760125669.1044993,602,outgoing,192.168.202.136,185.220.101.106,564.5452201366425
1760125669.122718,66,incoming,185.220.101.106,192.168.202.136,564.5634388923645
1760125672.928162,602,outgoing,192.168.202.136,185.220.101.106,568.368882894516
1760125672.9440823,66,incoming,185.220.101.106,192.168.202.136,568.3848030567169
1760125675.5619693,602,incoming,185.220.101.106,192.168.202.136,571.002690076828
1760125675.5620382,66,outgoing,192.168.202.136,185.220.101.106,571.0027589797974
1760125676.913348,602,incoming,64.65.63.15,192.168.202.136,572.3540687561035
1760125676.9546647,66,outgoing,192.168.202.136,64.65.63.15,572.3953855037689
1760125680.0312762,602,outgoing,192.168.202.136,185.220.101.106,575.4719970226288
1760125680.0494778,66,incoming,185.220.101.106,192.168.202.136,575.4901986122131
